,0
0,ו
1,י
2,ק
3,י
4,פ
5,ד
6,י
7,ה
8,ה
9,א
10,נ
11,צ
12,י
13,ק
14,ל
15,ו
16,פ
17,ד
18,י
19,ה
20,ה
21,ח
22,ו
23,פ
24,ש
25,י
26,ת
27,כ
28,ד
29,ו
30,ר
31,ס
32,ל
33,ע
34,ר
35,ך
36,ש
37,י
38,ח
39,ה
40,ק
41,ר
42,י
43,א
44,ה
45,ע
46,ר
47,י
48,כ
49,ת
50,ק
51,ו
52,ד
53,מ
54,ק
55,ו
56,ר
57,ע
58,ר
59,י
60,כ
61,ה
62,ג
63,ר
64,ס
65,א
66,ו
67,ת
68,ק
69,ו
70,ד
71,מ
72,ו
73,ת
74,כ
75,ל
76,י
77,ם
78,ע
79,י
80,י
81,נ
82,ו
83,ג
84,ם
85,ב
86,פ
87,ו
88,ר
89,ט
90,ל
91,פ
92,ו
93,ר
94,ט
95,ל
96,ה
97,כ
98,ד
99,ו
100,ר
101,ס
102,ל
103,ה
104,ו
105,א
106,ש
107,ע
108,ר
109,ל
110,כ
111,ל
112,ה
113,נ
114,ו
115,ש
116,א
117,י
118,ם
119,ה
120,ק
121,ש
122,ו
123,ר
124,י
125,ם
126,ב
127,כ
128,ד
129,ו
130,ר
131,ס
132,ל
133,ה
134,פ
135,ו
136,ר
137,ט
138,ל
139,מ
140,צ
141,י
142,ג
143,א
144,נ
145,ש
146,י
147,ם
148,ב
149,ו
150,ל
151,ט
152,י
153,ם
154,ב
155,כ
156,ד
157,ו
158,ר
159,ס
160,ל
161,ל
162,י
163,ג
164,ו
165,ת
166,י
167,ד
168,ו
169,ע
170,ו
171,ת
172,מ
173,ו
174,ש
175,ג
176,י
177,ם
178,ת
179,מ
180,ו
181,נ
182,ו
183,ת
184,ו
185,ע
186,ר
187,כ
188,י
189,ם
190,נ
191,ב
192,ח
193,ר
194,י
195,ם
196,מ
197,ת
198,ח
199,ו
200,ם
201,ה
202,כ
203,ד
204,ו
205,ר
206,ס
207,ל
208,ד
209,ר
210,ג
211,י
212,י
213,מ
214,ס
215,נ
216,י
217,י
218,ס
219,מ
220,י
221,ת
222,מ
223,מ
224,צ
225,י
226,א
227,ה
228,כ
229,ד
230,ו
231,ר
232,ס
233,ל
234,מ
235,ח
236,ז
237,י
238,ק
239,ב
240,כ
241,ד
242,ו
243,ר
244,ו
245,ב
246,ס
247,ל
248,כ
249,ד
250,ו
251,ר
252,ס
253,ל
254,ה
255,ו
256,א
257,מ
258,ש
259,ח
260,ק
261,כ
262,ד
263,ו
264,ר
265,ו
266,ס
267,פ
268,ו
269,ר
270,ט
271,ק
272,ב
273,ו
274,צ
275,ת
276,י
277,ב
278,ו
279,מ
280,ת
281,ח
282,ר
283,ו
284,ת
285,ז
286,ו
287,ב
288,ז
289,ו
290,ש
291,ת
292,י
293,ק
294,ב
295,ו
296,צ
297,ו
298,ת
299,ב
300,נ
301,ו
302,ת
303,ח
304,מ
305,י
306,ש
307,ה
308,ש
309,ח
310,ק
311,נ
312,י
313,ם
314,כ
315,ל
316,א
317,ח
318,ת
319,ה
320,צ
321,ו
322,ב
323,ר
324,ו
325,ת
326,נ
327,ק
328,ו
329,ד
330,ו
331,ת
332,ב
333,א
334,מ
335,צ
336,ע
337,ו
338,ת
339,ק
340,ל
341,י
342,ע
343,ת
344,כ
345,ד
346,ו
347,ר
348,כ
349,ד
350,ו
351,ר
352,ס
353,ל
354,ד
355,ר
356,ך
357,ח
358,י
359,ש
360,ו
361,ק
362,ה
363,ס
364,ל
365,ש
366,ל
367,ה
368,ק
369,ב
370,ו
371,צ
372,ה
373,ה
374,י
375,ר
376,י
377,ב
378,ה
379,ה
380,כ
381,ד
382,ו
383,ר
384,ס
385,ל
386,ש
387,ה
388,ו
389,מ
390,צ
391,א
392,ב
393,ש
394,נ
395,ת
396,ע
397,ל
398,י
399,ד
400,י
401,ג
402,י
403,י
404,מ
405,ס
406,נ
407,י
408,י
409,ס
410,מ
411,י
412,ת
413,ה
414,ו
415,א
416,מ
417,ע
418,נ
419,פ
420,י
421,ה
422,ס
423,פ
424,ו
425,ר
426,ט
427,ה
428,פ
429,ו
430,פ
431,ו
432,ל
433,ר
434,י
435,י
436,ם
437,ב
438,י
439,ו
440,ת
441,ר
442,ב
443,ע
444,ו
445,ל
446,ם
447,ב
448,ע
449,י
450,ק
451,ר
452,ב
453,ע
454,ו
455,ל
456,ם
457,ה
458,מ
459,ע
460,ר
461,ב
462,י
463,ה
464,ו
465,א
466,ה
467,ו
468,כ
469,ר
470,כ
471,ס
472,פ
473,ו
474,ר
475,ט
476,א
477,ו
478,ל
479,י
480,מ
481,פ
482,י
483,ו
484,נ
485,כ
486,ל
487,ל
488,ב
489,מ
490,ש
491,ח
492,ק
493,י
494,ם
495,ה
496,א
497,ו
498,ל
499,י
500,מ
501,פ
502,י
503,י
504,ם
505,ב
506,ע
507,ת
508,ה
509,מ
510,ו
511,ד
512,ר
513,נ
514,י
515,ת
516,ב
517,ק
518,ב
519,י
520,ע
521,ו
522,ת
523,מ
524,א
525,ז
526,א
527,ו
528,ל
529,י
530,מ
531,פ
532,י
533,א
534,ד
535,ת
536,ב
537,ר
538,ל
539,י
540,ן
541,ל
542,א
543,ח
544,ר
545,ש
546,ק
547,ו
548,ד
549,ם
550,ל
551,כ
552,ן
553,נ
554,ע
555,ר
556,כ
557,ו
558,א
559,י
560,ר
561,ו
562,ע
563,י
564,ר
565,א
566,ו
567,ו
568,ה
569,מ
570,ח
571,ו
572,ץ
573,ל
574,ת
575,ו
576,כ
577,נ
578,י
579,ת
580,ה
581,ר
582,ש
583,מ
584,י
585,ת
586,ב
587,א
588,ו
589,ל
590,י
591,מ
592,פ
593,י
594,א
595,ד
596,ת
597,ס
598,נ
599,ט
600,ל
601,ו
602,א
603,י
604,ס
605,ו
606,ב
607,א
608,ו
609,ל
610,י
611,מ
612,פ
613,י
614,א
615,ד
616,ת
617,ל
618,ו
619,ס
620,א
621,נ
622,ג
623,ל
624,ס
625,ב
626,ת
627,ח
628,י
629,ל
630,ה
631,ה
632,ת
633,ק
634,י
635,י
636,ם
637,ט
638,ו
639,ר
640,נ
641,י
642,ר
643,ל
644,ג
645,ב
646,ר
647,י
648,ם
649,ב
650,ל
651,ב
652,ד
653,ו
654,ט
655,ו
656,ר
657,נ
658,י
659,ר
660,כ
661,ד
662,ו
663,ר
664,ס
665,ל
666,נ
667,ש
668,י
669,ם
670,נ
671,ע
672,ר
673,ך
674,ל
675,ר
676,א
677,ש
678,ו
679,נ
680,ה
681,ב
682,א
683,ו
684,ל
685,י
686,מ
687,פ
688,י
689,א
690,ד
691,ת
692,מ
693,ו
694,נ
695,ט
696,ר
697,י
698,א
699,ו
700,ל
701,ה
702,ג
703,ו
704,ף
705,ה
706,מ
707,נ
708,ה
709,ל
710,א
711,ת
712,ה
713,ע
714,נ
715,ף
716,ב
717,ע
718,ו
719,ל
720,ם
721,ה
722,ו
723,א
724,פ
725,י
726,ב
727,א
728,ה
729,פ
730,ד
731,ר
732,צ
733,י
734,ה
735,ה
736,ב
737,י
738,נ
739,ל
740,א
741,ו
742,מ
743,י
744,ת
745,ש
746,ל
747,ה
748,כ
749,ד
750,ו
751,ר
752,ס
753,ל
754,ב
755,ו
756,ח
757,ב
758,ר
759,ו
760,ת
761,מ
762,ד
763,י
764,נ
765,ו
766,ת
767,ב
768,י
769,ש
770,ר
771,א
772,ל
773,מ
774,נ
775,ה
776,ל
777,א
778,ת
779,ה
780,ע
781,נ
782,ף
783,א
784,י
785,ג
786,ו
787,ד
788,ה
789,כ
790,ד
791,ו
792,ר
793,ס
794,ל
795,ב
796,י
797,ש
798,ר
799,א
800,ל
801,ל
802,מ
803,ע
804,ט
805,ל
806,י
807,ג
808,ו
809,ת
810,ה
811,ע
812,ל
813,ל
814,ג
815,ב
816,ר
817,י
818,ם
819,ו
820,ל
821,נ
822,ש
823,י
824,ם
825,ה
826,מ
827,נ
828,ו
829,ה
830,ל
831,ו
832,ת
833,ע
834,ל
835,י
836,ד
837,י
838,א
839,ר
840,ג
841,ו
842,ן
843,ה
844,נ
845,ק
846,ר
847,א
848,מ
849,נ
850,ה
851,ל
852,ת
853,ל
854,י
855,ג
856,ת
857,ה
858,ע
859,ל
860,ה
861,ל
862,י
863,ג
864,ה
865,ה
866,נ
867,ח
868,ש
869,ב
870,ת
871,ל
872,ט
873,ו
874,ב
875,ה
876,ו
877,ל
878,פ
879,ו
880,פ
881,ו
882,ל
883,ר
884,י
885,ת
886,ב
887,ע
888,ו
889,ל
890,ם
891,ה
892,י
893,א
894,ל
895,י
896,ג
897,ת
898,ה
899,ה
900,פ
901,ו
902,ע
903,ל
904,ת
905,ב
906,א
907,ר
908,צ
909,ו
910,ת
911,ה
912,ב
913,ר
914,י
915,ת
916,ו
917,ב
918,ק
919,נ
920,ד
921,ה
922,א
923,ך
924,ע
925,ם
926,ז
927,א
928,ת
929,מ
930,ד
931,ד
932,ה
933,פ
934,ו
935,פ
936,ו
937,ל
938,ר
939,י
940,ו
941,ת
942,ש
943,ל
944,מ
945,פ
946,ע
947,ל
948,ה
949,כ
950,ד
951,ו
952,ר
953,ס
954,ל
955,ה
956,א
957,י
958,ר
959,ו
960,פ
961,י
962,ה
963,י
964,ו
965,ר
966,ו
967,ל
968,י
969,ג
970,ת
971,ו
972,פ
973,ס
974,ת
975,א
976,ו
977,צ
978,ה
979,ר
980,ב
981,ה
982,ה
983,י
984,ס
985,ט
986,ו
987,ר
988,י
989,ה
990,ו
991,ה
992,ת
993,פ
994,ת
995,ח
996,ו
997,ת
998,ה
999,מ
1000,ש
1001,ח
1002,ק
1003,מ
1004,ג
1005,ר
1006,ש
1007,ה
1008,כ
1009,ד
1010,ו
1011,ר
1012,ס
1013,ל
1014,ה
1015,ר
1016,א
1017,ש
1018,ו
1019,ן
1020,ב
1021,ס
1022,פ
1023,ר
1024,י
1025,נ
1026,ג
1027,פ
1028,י
1029,ל
1030,ד
1031,ה
1032,כ
1033,ד
1034,ו
1035,ר
1036,ס
1037,ל
1038,ה
1039,ו
1040,מ
1041,צ
1042,א
1043,ב
1044,ס
1045,ו
1046,ף
1047,ש
1048,נ
1049,ת
1050,ב
1051,א
1052,ר
1053,צ
1054,ו
1055,ת
1056,ה
1057,ב
1058,ר
1059,י
1060,ת
1061,ע
1062,ל
1063,י
1064,ד
1065,י
1066,ד
1067,ר
1068,ג
1069,י
1070,י
1071,מ
1072,ס
1073,נ
1074,י
1075,י
1076,ס
1077,מ
1078,י
1079,ת
1080,ה
1081,ק
1082,נ
1083,ד
1084,י
1085,מ
1086,א
1087,מ
1088,ן
1089,ס
1090,פ
1091,ו
1092,ר
1093,ט
1094,ב
1095,ק
1096,ו
1097,ל
1098,ג
1099,י
1100,מ
1101,ק
1102,א
1103,ב
1104,ע
1105,י
1106,י
1107,ר
1108,ה
1109,ס
1110,פ
1111,ר
1112,י
1113,נ
1114,ג
1115,פ
1116,י
1117,ל
1118,ד
1119,ש
1120,ב
1121,מ
1122,ד
1123,י
1124,נ
1125,ת
1126,מ
1127,ס
1128,צ
1129,ו
1130,ס
1131,ט
1132,ס
1133,ד
1134,ר
1135,נ
1136,י
1137,י
1138,ס
1139,מ
1140,י
1141,ת
1142,ח
1143,י
1144,פ
1145,ש
1146,מ
1147,ש
1148,ח
1149,ק
1150,א
1151,י
1152,מ
1153,ו
1154,ן
1155,ה
1156,מ
1157,י
1158,ו
1159,ע
1160,ד
1161,ל
1162,מ
1163,ק
1164,ו
1165,ם
1166,ס
1167,ג
1168,ו
1169,ר
1170,ל
1171,ת
1172,ק
1173,ו
1174,פ
1175,ה
1176,ש
1177,ב
1178,י
1179,ן
1180,ס
1181,י
1182,ו
1183,ם
1184,ע
1185,ו
1186,נ
1187,ת
1188,ה
1189,פ
1190,ו
1191,ט
1192,ב
1193,ו
1194,ל
1195,ל
1196,פ
1197,ת
1198,י
1199,ח
1200,ת
1201,ע
1202,ו
1203,נ
1204,ת
1205,ה
1206,ב
1207,י
1208,י
1209,ס
1210,ב
1211,ו
1212,ל
1213,ע
1214,ל
1215,מ
1216,נ
1217,ת
1218,ל
1219,ש
1220,מ
1221,ו
1222,ר
1223,ע
1224,ל
1225,כ
1226,ו
1227,ש
1228,ר
1229,ם
1230,ש
1231,ל
1232,ש
1233,ח
1234,ק
1235,נ
1236,י
1237,ה
1238,ק
1239,ב
1240,ו
1241,צ
1242,ו
1243,ת
1244,ה
1245,י
1246,צ
1247,ו
1248,ג
1249,י
1250,ו
1251,ת
1252,ש
1253,ל
1254,ה
1255,ק
1256,ו
1257,ל
1258,ג
1259,ה
1260,ו
1261,א
1262,ה
1263,ר
1264,כ
1265,י
1266,ב
1267,ש
1268,נ
1269,י
1270,ח
1271,י
1272,ש
1273,ו
1274,ק
1275,י
1276,ם
1277,ע
1278,ל
1279,ה
1280,ק
1281,י
1282,ר
1283,ו
1284,ת
1285,ב
1286,ש
1287,נ
1288,י
1289,צ
1290,י
1291,ד
1292,י
1293,ה
1294,מ
1295,ג
1296,ר
1297,ש
1298,ה
1299,ר
1300,ש
1301,ת
1302,ש
1303,ה
1304,ו
1305,ר
1306,כ
1307,ב
1308,ה
1309,ל
1310,ח
1311,י
1312,ש
1313,ו
1314,ק
1315,ה
1316,י
1317,י
1318,ת
1319,ה
1320,ס
1321,ל
1322,ש
1323,ל
1324,א
1325,פ
1326,ר
1327,ס
1328,ק
1329,י
1330,ם
1331,ו
1332,ה
1333,מ
1334,ט
1335,ר
1336,ה
1337,ה
1338,י
1339,י
1340,ת
1341,ה
1342,ל
1343,ק
1344,ל
1345,ו
1346,ע
1347,ל
1348,ת
1349,ו
1350,כ
1351,ם
1352,מ
1353,א
1354,ח
1355,ר
1356,ש
1357,ע
1358,מ
1359,ד
1360,ו
1361,ל
1362,ר
1363,ש
1364,ו
1365,ת
1366,ו
1367,ש
1368,ל
1369,נ
1370,י
1371,י
1372,ס
1373,מ
1374,י
1375,ת
1376,ש
1377,מ
1378,ו
1379,נ
1380,ה
1381,ע
1382,ש
1383,ר
1384,ש
1385,ח
1386,ק
1387,נ
1388,י
1389,ם
1390,ה
1391,ו
1392,א
1393,ח
1394,י
1395,ל
1396,ק
1397,א
1398,ו
1399,ת
1400,ם
1401,ל
1402,ש
1403,ת
1404,י
1405,ק
1406,ב
1407,ו
1408,צ
1409,ו
1410,ת
1411,ש
1412,ל
1413,ת
1414,ש
1415,ע
1416,ה
1417,ל
1418,א
1419,ח
1420,ר
1421,ת
1422,ק
1423,ו
1424,פ
1425,ת
1426,ז
1427,מ
1428,ן
1429,ק
1430,צ
1431,ר
1432,ה
1433,ש
1434,ו
1435,נ
1436,ה
1437,ה
1438,מ
1439,ש
1440,ח
1441,ק
1442,ל
1443,ח
1444,מ
1445,י
1446,ש
1447,ה
1448,ש
1449,ח
1450,ק
1451,נ
1452,י
1453,ם
1454,נ
1455,ג
1456,ד
1457,ח
1458,מ
1459,י
1460,ש
1461,ה
1462,ש
1463,ח
1464,ק
1465,נ
1466,י
1467,ם
1468,ב
1469,ש
1470,נ
1471,י
1472,ם
1473,ה
1474,ב
1475,א
1476,ו
1477,ת
1478,צ
1479,ב
1480,ר
1481,ה
1482,מ
1483,ש
1484,ח
1485,ק
1486,ת
1487,א
1488,ו
1489,צ
1490,ה
1491,ו
1492,פ
1493,ו
1494,פ
1495,ו
1496,ל
1497,ר
1498,י
1499,ו
1500,ת
1501,ר
1502,ב
1503,ה
1504,א
1505,ך
1506,ג
1507,ו
1508,ד
1509,ל
1510,ה
1511,ק
1512,ב
1513,ו
1514,צ
1515,ו
1516,ת
1517,נ
1518,ש
1519,א
1520,ר
1521,ק
1522,ב
1523,ו
1524,ע
1525,ע
1526,ל
1527,פ
1528,י
1529,כ
1530,ל
1531,ל
1532,י
1533,ו
1534,ש
1535,ל
1536,נ
1537,י
1538,י
1539,ס
1540,מ
1541,י
1542,ת
1543,נ
1544,א
1545,ס
1546,ר
1547,ע
1548,ל
1549,ה
1550,ש
1551,ח
1552,ק
1553,נ
1554,י
1555,ם
1556,ל
1557,כ
1558,ד
1559,ר
1560,ר
1561,ו
1562,ל
1563,נ
1564,ו
1565,ע
1566,ע
1567,ם
1568,ה
1569,כ
1570,ד
1571,ו
1572,ר
1573,ו
1574,ה
1575,ת
1576,ק
1577,ד
1578,מ
1579,ו
1580,ת
1581,ה
1582,כ
1583,ד
1584,ו
1585,ר
1586,נ
1587,ע
1588,ש
1589,ת
1590,ה
1591,ב
1592,א
1593,מ
1594,צ
1595,ע
1596,ו
1597,ת
1598,מ
1599,ס
1600,י
1601,ר
1602,ו
1603,ת
1604,מ
1605,ש
1606,ח
1607,ק
1608,ה
1609,כ
1610,ד
1611,ו
1612,ר
1613,ס
1614,ל
1615,ה
1616,ר
1617,א
1618,ש
1619,ו
1620,ן
1621,נ
1622,ע
1623,ר
1624,ך
1625,ב
1626,ב
1627,ד
1628,צ
1629,מ
1630,ב
1631,ר
1632,ב
1633,י
1634,ן
1635,ש
1636,ת
1637,י
1638,ק
1639,ב
1640,ו
1641,צ
1642,ו
1643,ת
1644,ב
1645,ע
1646,ל
1647,ו
1648,ת
1649,ת
1650,ש
1651,ע
1652,ה
1653,ש
1654,ח
1655,ק
1656,נ
1657,י
1658,ם
1659,ו
1660,ה
1661,ס
1662,ת
1663,י
1664,י
1665,ם
1666,ב
1667,ת
1668,ו
1669,צ
1670,א
1671,ה
1672,ה
1673,מ
1674,ש
1675,ת
1676,ת
1677,פ
1678,י
1679,ם
1680,ב
1681,א
1682,ו
1683,ת
1684,ו
1685,מ
1686,ש
1687,ח
1688,ק
1689,מ
1690,ו
1691,כ
1692,ר
1693,י
1694,ם
1695,כ
1696,ק
1697,ב
1698,ו
1699,צ
1700,ה
1701,ה
1702,ר
1703,א
1704,ש
1705,ו
1706,נ
1707,ה
1708,ב
1709,ב
1710,י
1711,נ
1712,ו
1713,א
1714,ר
1715,נ
1716,ע
1717,ר
1718,ך
1719,ב
1720,א
1721,י
1722,ו
1723,ו
1724,ה
1725,מ
1726,ש
1727,ח
1728,ק
1729,ה
1730,מ
1731,כ
1732,ל
1733,ל
1734,ו
1735,ת
1736,ה
1737,ר
1738,א
1739,ש
1740,ו
1741,ן
1742,ב
1743,א
1744,ר
1745,צ
1746,ו
1747,ת
1748,ה
1749,ב
1750,ר
1751,י
1752,ת
1753,ב
1754,י
1755,ן
1756,מ
1757,כ
1758,ל
1759,ל
1760,ו
1761,ת
1762,א
1763,י
1764,ו
1765,ו
1766,ה
1767,ו
1768,ש
1769,י
1770,ק
1771,ג
1772,ו
1773,ב
1774,א
1775,ו
1776,ת
1777,ה
1778,ש
1779,נ
1780,ה
1781,נ
1782,ע
1783,ר
1784,ך
1785,ה
1786,מ
1787,ש
1788,ח
1789,ק
1790,ה
1791,מ
1792,ק
1793,צ
1794,ו
1795,ע
1796,נ
1797,י
1798,ה
1799,ר
1800,א
1801,ש
1802,ו
1803,ן
1804,ב
1805,ל
1806,י
1807,ג
1808,ה
1809,ל
1810,א
1811,ו
1812,מ
1813,י
1814,ת
1815,ה
1816,מ
1817,ש
1818,ח
1819,ק
1820,נ
1821,ע
1822,ר
1823,ך
1824,ב
1825,ט
1826,ר
1827,נ
1828,ט
1829,ו
1830,ן
1831,נ
1832,י
1833,ו
1834,ג
1835,ר
1836,ז
1837,י
1838,ב
1839,נ
1840,ה
1841,ג
1842,ה
1843,ה
1844,ר
1845,ע
1846,י
1847,ו
1848,ן
1849,ל
1850,פ
1851,ת
1852,ו
1853,ח
1854,א
1855,ת
1856,ה
1857,ר
1858,ש
1859,ת
1860,ו
1861,ת
1862,מ
1863,ל
1864,מ
1865,ט
1866,ה
1867,כ
1868,ך
1869,ש
1870,ה
1871,כ
1872,ד
1873,ו
1874,ר
1875,י
1876,י
1877,פ
1878,ו
1879,ל
1880,ל
1881,מ
1882,ג
1883,ר
1884,ש
1885,ו
1886,ה
1887,מ
1888,ש
1889,ח
1890,ק
1891,י
1892,י
1893,מ
1894,ש
1895,ך
1896,ב
1897,מ
1898,ה
1899,י
1900,ר
1901,ו
1902,ת
1903,ב
1904,מ
1905,ל
1906,ח
1907,מ
1908,ת
1909,ה
1910,ע
1911,ו
1912,ל
1913,ם
1914,ה
1915,ר
1916,א
1917,ש
1918,ו
1919,נ
1920,ה
1921,ה
1922,ב
1923,י
1924,א
1925,ו
1926,ח
1927,י
1928,י
1929,ל
1930,י
1931,ם
1932,א
1933,מ
1934,ר
1935,י
1936,ק
1937,א
1938,י
1939,ם
1940,א
1941,ת
1942,ה
1943,כ
1944,ד
1945,ו
1946,ר
1947,ס
1948,ל
1949,ל
1950,א
1951,י
1952,ר
1953,ו
1954,פ
1955,ה
1956,ו
1957,מ
1958,א
1959,ז
1960,נ
1961,ק
1962,ב
1963,ע
1964,מ
1965,ס
1966,פ
1967,ר
1968,ה
1969,ש
1970,ח
1971,ק
1972,נ
1973,י
1974,ם
1975,ב
1976,כ
1977,ל
1978,ק
1979,ב
1980,ו
1981,צ
1982,ה
1983,ע
1984,ל
1985,ח
1986,מ
1987,י
1988,ש
1989,ה
1990,ב
1991,ש
1992,נ
1993,ת
1994,ה
1995,צ
1996,ט
1997,ר
1998,ף
1999,ה
2000,כ
2001,ד
2002,ו
2003,ר
2004,ס
2005,ל
2006,ל
2007,ע
2008,נ
2009,פ
2010,י
2011,ם
2012,ה
2013,א
2014,ו
2015,ל
2016,י
2017,מ
2018,פ
2019,י
2020,י
2021,ם
2022,ב
2023,ש
2024,נ
2025,ת
2026,ה
2027,ו
2028,ק
2029,מ
2030,ה
2031,ב
2032,א
2033,ר
2034,צ
2035,ו
2036,ת
2037,ה
2038,ב
2039,ר
2040,י
2041,ת
2042,ל
2043,י
2044,ג
2045,ת
2046,ה
2047,ה
2048,ת
2049,א
2050,ח
2051,ד
2052,ו
2053,ת
2054,ה
2055,כ
2056,ד
2057,ו
2058,ר
2059,ס
2060,ל
2061,ה
2062,ל
2063,א
2064,ו
2065,מ
2066,י
2067,ת
2068,ה
2069,ל
2070,י
2071,ג
2072,ה
2073,ה
2074,ת
2075,ח
2076,י
2077,ל
2078,ה
2079,ב
2080,ש
2081,נ
2082,ת
2083,ב
2084,ת
2085,ו
2086,ר
2087,ל
2088,י
2089,ג
2090,ת
2091,ה
2092,ל
2093,פ
2094,נ
2095,י
2096,כ
2097,ן
2098,ה
2099,י
2100,י
2101,ת
2102,ה
2103,ג
2104,ם
2105,ל
2106,י
2107,ג
2108,ה
2109,א
2110,ח
2111,ר
2112,ת
2113,ו
2114,ת
2115,י
2116,ק
2117,ה
2118,י
2119,ו
2120,ת
2121,ר
2122,ל
2123,י
2124,ג
2125,ת
2126,ה
2127,ו
2128,ב
2129,ש
2130,נ
2131,ת
2132,ש
2133,ת
2134,י
2135,ה
2136,ל
2137,י
2138,ג
2139,ו
2140,ת
2141,ה
2142,ת
2143,א
2144,ח
2145,ד
2146,ו
2147,ו
2148,ה
2149,ש
2150,ם
2151,ש
2152,ו
2153,נ
2154,ה
2155,ל
2156,ע
2157,ד
2158,ה
2159,י
2160,ו
2161,ם
2162,ה
2163,נ
2164,ח
2165,ש
2166,ב
2167,ת
2168,ל
2169,ל
2170,י
2171,ג
2172,ה
2173,ה
2174,מ
2175,ו
2176,ב
2177,י
2178,ל
2179,ה
2180,ו
2181,ה
2182,א
2183,י
2184,כ
2185,ו
2186,ת
2187,י
2188,ת
2189,ב
2190,י
2191,ו
2192,ת
2193,ר
2194,ב
2195,ע
2196,ו
2197,ל
2198,ם
2199,ה
2200,כ
2201,ד
2202,ו
2203,ר
2204,ס
2205,ל
2206,א
2207,ך
2208,ע
2209,ם
2210,ז
2211,א
2212,ת
2213,מ
2214,ד
2215,ד
2216,ה
2217,פ
2218,ו
2219,פ
2220,ו
2221,ל
2222,ר
2223,י
2224,ו
2225,ת
2226,ש
2227,ל
2228,ל
2229,י
2230,ג
2231,ת
2232,ה
2233,כ
2234,ד
2235,ו
2236,ר
2237,ס
2238,ל
2239,ה
2240,א
2241,י
2242,ר
2243,ו
2244,פ
2245,י
2246,ת
2247,א
2248,ש
2249,ר
2250,נ
2251,ק
2252,ר
2253,א
2254,ת
2255,ל
2256,י
2257,ג
2258,ת
2259,ה
2260,י
2261,ו
2262,ר
2263,ו
2264,ל
2265,י
2266,ג
2267,ת
2268,ו
2269,פ
2270,ס
2271,ת
2272,א
2273,ו
2274,צ
2275,ה
2276,מ
2277,ה
2278,ל
2279,ך
2280,ה
2281,מ
2282,ש
2283,ח
2284,ק
2285,ת
2286,ר
2287,ש
2288,י
2289,ם
2290,ה
2291,מ
2292,ג
2293,ר
2294,ש
2295,ת
2296,ר
2297,ש
2298,י
2299,ם
2300,ה
2301,ס
2302,ל
2303,א
2304,ת
2305,מ
2306,ש
2307,ח
2308,ק
2309,ה
2310,כ
2311,ד
2312,ו
2313,ר
2314,ס
2315,ל
2316,מ
2317,ש
2318,ח
2319,ק
2320,ו
2321,ת
2322,ז
2323,ו
2324,כ
2325,נ
2326,ג
2327,ד
2328,ז
2329,ו
2330,ש
2331,ת
2332,י
2333,ק
2334,ב
2335,ו
2336,צ
2337,ו
2338,ת
2339,כ
2340,ל
2341,א
2342,ח
2343,ת
2344,ב
2345,ת
2346,ח
2347,מ
2348,י
2349,ש
2350,ה
2351,ש
2352,ח
2353,ק
2354,נ
2355,י
2356,ם
2357,מ
2358,ט
2359,ר
2360,ת
2361,ה
2362,מ
2363,ש
2364,ח
2365,ק
2366,ה
2367,י
2368,א
2369,ל
2370,צ
2371,ב
2372,ו
2373,ר
2374,י
2375,ו
2376,ת
2377,ר
2378,נ
2379,ק
2380,ו
2381,ד
2382,ו
2383,ת
2384,מ
2385,א
2386,ש
2387,ר
2388,ה
2389,ק
2390,ב
2391,ו
2392,צ
2393,ה
2394,ה
2395,י
2396,ר
2397,י
2398,ב
2399,ה
2400,צ
2401,ב
2402,י
2403,ר
2404,ת
2405,ה
2406,נ
2407,ק
2408,ו
2409,ד
2410,ו
2411,ת
2412,נ
2413,ע
2414,ש
2415,י
2416,ת
2417,ע
2418,ל
2419,י
2420,ד
2421,י
2422,ק
2423,ל
2424,י
2425,ע
2426,ת
2427,ה
2428,כ
2429,ד
2430,ו
2431,ר
2432,ל
2433,ס
2434,ל
2435,ט
2436,ב
2437,ע
2438,ת
2439,מ
2440,ת
2441,כ
2442,ת
2443,י
2444,ת
2445,מ
2446,ו
2447,ג
2448,ב
2449,ה
2450,ת
2451,ה
2452,מ
2453,ו
2454,צ
2455,מ
2456,ד
2457,ת
2458,ל
2459,ל
2460,ו
2461,ח
2462,ע
2463,ץ
2464,א
2465,ו
2466,ל
2467,ו
2468,ח
2469,פ
2470,ל
2471,ס
2472,ט
2473,י
2474,מ
2475,מ
2476,נ
2477,ה
2478,י
2479,ו
2480,ר
2481,ד
2482,ת
2483,ר
2484,ש
2485,ת
2486,ה
2487,מ
2488,ש
2489,ת
2490,ל
2491,ש
2492,ל
2493,ת
2494,כ
2495,ל
2496,פ
2497,י
2498,מ
2499,ט
2500,ה
2501,פ
2502,ת
2503,ו
2504,ח
2505,ה
2506,ב
2507,ח
2508,ל
2509,ק
2510,ה
2511,ה
2512,ת
2513,ח
2514,ת
2515,ו
2516,ן
2517,ק
2518,ל
2519,י
2520,ע
2521,ת
2522,ה
2523,כ
2524,ד
2525,ו
2526,ר
2527,ל
2528,ס
2529,ל
2530,ב
2531,מ
2532,ה
2533,ל
2534,ך
2535,ה
2536,מ
2537,ש
2538,ח
2539,ק
2540,מ
2541,ק
2542,נ
2543,ה
2544,ש
2545,ת
2546,י
2547,נ
2548,ק
2549,ו
2550,ד
2551,ו
2552,ת
2553,א
2554,ם
2555,ה
2556,ש
2557,ח
2558,ק
2559,ן
2560,ה
2561,ז
2562,ו
2563,ר
2564,ק
2565,ע
2566,ו
2567,מ
2568,ד
2569,מ
2570,א
2571,ח
2572,ו
2573,ר
2574,י
2575,ק
2576,ש
2577,ת
2578,ה
2579,ש
2580,ל
2581,ו
2582,ש
2583,ה
2584,ק
2585,ל
2586,י
2587,ע
2588,ה
2589,מ
2590,ק
2591,נ
2592,ה
2593,ל
2594,ק
2595,ב
2596,ו
2597,צ
2598,ת
2599,ו
2600,ש
2601,ל
2602,ו
2603,ש
2604,נ
2605,ק
2606,ו
2607,ד
2608,ו
2609,ת
2610,ז
2611,ר
2612,י
2613,ק
2614,ת
2615,ע
2616,ו
2617,נ
2618,ש
2619,י
2620,ן
2621,מ
2622,ו
2623,צ
2624,ל
2625,ח
2626,ת
2627,מ
2628,ק
2629,נ
2630,ה
2631,נ
2632,ק
2633,ו
2634,ד
2635,ה
2636,א
2637,ח
2638,ת
2639,ה
2640,ק
2641,ב
2642,ו
2643,צ
2644,ה
2645,ה
2646,מ
2647,ח
2648,ז
2649,י
2650,ק
2651,ה
2652,ב
2653,מ
2654,ס
2655,פ
2656,ר
2657,ג
2658,ב
2659,ו
2660,ה
2661,י
2662,ו
2663,ת
2664,ר
2665,ש
2666,ל
2667,נ
2668,ק
2669,ו
2670,ד
2671,ו
2672,ת
2673,מ
2674,י
2675,ר
2676,י
2677,ב
2678,ת
2679,ה
2680,ב
2681,ע
2682,ת
2683,ס
2684,י
2685,ו
2686,ם
2687,ה
2688,מ
2689,ש
2690,ח
2691,ק
2692,ה
2693,י
2694,א
2695,ה
2696,מ
2697,נ
2698,צ
2699,ח
2700,ת
2701,ב
2702,ר
2703,ח
2704,ב
2705,י
2706,ה
2707,ע
2708,ו
2709,ל
2710,ם
2711,ה
2712,מ
2713,ש
2714,ח
2715,ק
2716,מ
2717,ש
2718,ו
2719,ח
2720,ק
2721,ב
2722,א
2723,ר
2724,ב
2725,ע
2726,ה
2727,ר
2728,ב
2729,ע
2730,י
2731,ם
2732,ב
2733,נ
2734,י
2735,ד
2736,ק
2737,ו
2738,ת
2739,כ
2740,ל
2741,א
2742,ח
2743,ד
2744,ב
2745,ס
2746,ך
2747,ה
2748,כ
2749,ו
2750,ל
2751,ד
2752,ק
2753,ו
2754,ת
2755,ב
2756,ה
2757,מ
2758,ש
2759,ח
2760,ק
2761,מ
2762,ו
2763,ר
2764,כ
2765,ב
2766,מ
2767,א
2768,ר
2769,ב
2770,ע
2771,ה
2772,ר
2773,ב
2774,ע
2775,י
2776,ם
2777,ש
2778,ל
2779,ד
2780,ק
2781,ו
2782,ת
2783,כ
2784,ל
2785,א
2786,ח
2787,ד
2788,ב
2789,ס
2790,ך
2791,ה
2792,כ
2793,ו
2794,ל
2795,ד
2796,ק
2797,ו
2798,ת
2799,ב
2800,ל
2801,י
2802,ג
2803,ת
2804,כ
2805,ד
2806,ו
2807,ר
2808,ס
2809,ל
2810,ה
2811,נ
2812,ש
2813,י
2814,ם
2815,ש
2816,ל
2817,א
2818,ר
2819,צ
2820,ו
2821,ת
2822,ה
2823,ב
2824,ר
2825,י
2826,ת
2827,ו
2828,ב
2829,ל
2830,י
2831,ג
2832,ת
2833,כ
2834,ד
2835,ו
2836,ר
2837,ס
2838,ל
2839,ה
2840,מ
2841,כ
2842,ל
2843,ל
2844,ו
2845,ת
2846,ש
2847,ל
2848,א
2849,ר
2850,צ
2851,ו
2852,ת
2853,ה
2854,ב
2855,ר
2856,י
2857,ת
2858,ה
2859,מ
2860,ש
2861,ח
2862,ק
2863,מ
2864,ח
2865,ו
2866,ל
2867,ק
2868,ל
2869,ש
2870,נ
2871,י
2872,ח
2873,צ
2874,א
2875,י
2876,ם
2877,א
2878,ש
2879,ר
2880,כ
2881,ל
2882,ח
2883,צ
2884,י
2885,ה
2886,ו
2887,א
2888,ד
2889,ק
2890,ו
2891,ת
2892,ל
2893,ל
2894,א
2895,ח
2896,ל
2897,ו
2898,ק
2899,ה
2900,ל
2901,ר
2902,ב
2903,ע
2904,י
2905,ם
2906,ב
2907,י
2908,ן
2909,כ
2910,ל
2911,ר
2912,ב
2913,ע
2914,מ
2915,ת
2916,ק
2917,י
2918,י
2919,מ
2920,ת
2921,ה
2922,פ
2923,ס
2924,ק
2925,ה
2926,ל
2927,מ
2928,נ
2929,ו
2930,ח
2931,ה
2932,ש
2933,א
2934,ו
2935,ר
2936,כ
2937,ה
2938,כ
2939,ש
2940,ת
2941,י
2942,ד
2943,ק
2944,ו
2945,ת
2946,ב
2947,ת
2948,ו
2949,ם
2950,ה
2951,ר
2952,ב
2953,ע
2954,ה
2955,ש
2956,נ
2957,י
2958,נ
2959,י
2960,ת
2961,נ
2962,ת
2963,מ
2964,נ
2965,ו
2966,ח
2967,ה
2968,ש
2969,ל
2970,כ
2971,ד
2972,ק
2973,ו
2974,ת
2975,ה
2976,פ
2977,ס
2978,ק
2979,ת
2980,מ
2981,ח
2982,צ
2983,י
2984,ת
2985,א
2986,ם
2987,ב
2988,ס
2989,י
2990,ו
2991,ם
2992,ה
2993,ז
2994,מ
2995,ן
2996,ה
2997,מ
2998,ו
2999,ק
3000,צ
3001,ב
3002,י
3003,ש
3004,ש
3005,ו
3006,ו
3007,י
3008,ו
3009,ן
3010,ב
3011,מ
3012,ס
3013,פ
3014,ר
3015,ה
3016,נ
3017,ק
3018,ו
3019,ד
3020,ו
3021,ת
3022,מ
3023,מ
3024,ש
3025,י
3026,כ
3027,י
3028,ם
3029,א
3030,ת
3031,ה
3032,מ
3033,ש
3034,ח
3035,ק
3036,ל
3037,ח
3038,מ
3039,ש
3040,ד
3041,ק
3042,ו
3043,ת
3044,נ
3045,ו
3046,ס
3047,פ
3048,ו
3049,ת
3050,מ
3051,א
3052,מ
3053,נ
3054,י
3055,ה
3056,ק
3057,ב
3058,ו
3059,צ
3060,ו
3061,ת
3062,ר
3063,ש
3064,א
3065,י
3066,ם
3067,ל
3068,ע
3069,צ
3070,ו
3071,ר
3072,א
3073,ת
3074,מ
3075,ה
3076,ל
3077,ך
3078,ה
3079,מ
3080,ש
3081,ח
3082,ק
3083,ב
3084,ת
3085,י
3086,א
3087,ו
3088,ם
3089,ע
3090,ם
3091,ה
3092,ש
3093,ו
3094,פ
3095,ט
3096,י
3097,ם
3098,ו
3099,ל
3100,ק
3101,ח
3102,ת
3103,פ
3104,ס
3105,ק
3106,ז
3107,מ
3108,ן
3109,ב
3110,ת
3111,ו
3112,ך
3113,ה
3114,מ
3115,ש
3116,ח
3117,ק
3118,ע
3119,ל
3120,מ
3121,נ
3122,ת
3123,ל
3124,ת
3125,ד
3126,ר
3127,ך
3128,א
3129,ת
3130,ה
3131,ש
3132,ח
3133,ק
3134,נ
3135,י
3136,ם
3137,ש
3138,ל
3139,ו
3140,מ
3141,ס
3142,פ
3143,ר
3144,פ
3145,ס
3146,ק
3147,י
3148,ה
3149,ז
3150,מ
3151,ן
3152,ו
3153,א
3154,ו
3155,ר
3156,כ
3157,ם
3158,מ
3159,ש
3160,ת
3161,נ
3162,ה
3163,ב
3164,י
3165,ן
3166,ל
3167,י
3168,ג
3169,ו
3170,ת
3171,ש
3172,ו
3173,נ
3174,ו
3175,ת
3176,ב
3177,ע
3178,ו
3179,ל
3180,ם
3181,ו
3182,ה
3183,ו
3184,א
3185,נ
3186,ע
3187,ב
3188,י
3189,ן
3190,ש
3191,נ
3192,י
3193,ו
3194,ת
3195,ל
3196,ד
3197,ק
3198,ה
3199,א
3200,ח
3201,ת
3202,ב
3203,ג
3204,ם
3205,ש
3206,ח
3207,ק
3208,ן
3209,ש
3210,מ
3211,ח
3212,ז
3213,י
3214,ק
3215,ב
3216,כ
3217,ד
3218,ו
3219,ר
3220,י
3221,כ
3222,ו
3223,ל
3224,ל
3225,ה
3226,כ
3227,ר
3228,י
3229,ז
3230,ע
3231,ל
3232,פ
3233,ס
3234,ק
3235,ז
3236,מ
3237,ן
3238,ה
3239,מ
3240,ש
3241,ח
3242,ק
3243,נ
3244,פ
3245,ת
3246,ח
3247,ב
3248,כ
3249,ך
3250,ש
3251,ש
3252,ו
3253,פ
3254,ט
3255,ה
3256,מ
3257,ש
3258,ח
3259,ק
3260,ע
3261,ו
3262,מ
3263,ד
3264,ב
3265,מ
3266,ר
3267,כ
3268,ז
3269,ה
3270,מ
3271,ג
3272,ר
3273,ש
3274,ז
3275,ו
3276,ר
3277,ק
3278,א
3279,ת
3280,ה
3281,כ
3282,ד
3283,ו
3284,ר
3285,ל
3286,ג
3287,ו
3288,ב
3289,ה
3290,ו
3291,ש
3292,נ
3293,י
3294,ש
3295,ח
3296,ק
3297,נ
3298,י
3299,ם
3300,א
3301,ח
3302,ד
3303,מ
3304,כ
3305,ל
3306,ק
3307,ב
3308,ו
3309,צ
3310,ה
3311,ה
3312,ע
3313,ו
3314,מ
3315,ד
3316,י
3317,ם
3318,מ
3319,ש
3320,נ
3321,י
3322,צ
3323,י
3324,ד
3325,י
3326,ו
3327,ב
3328,ע
3329,י
3330,ג
3331,ו
3332,ל
3333,ה
3334,א
3335,מ
3336,צ
3337,ע
3338,ק
3339,ו
3340,פ
3341,צ
3342,י
3343,ם
3344,ב
3345,מ
3346,ט
3347,ר
3348,ה
3349,ל
3350,ז
3351,כ
3352,ו
3353,ת
3354,ב
3355,כ
3356,ד
3357,ו
3358,ר
3359,ע
3360,ב
3361,ו
3362,ר
3363,ק
3364,ב
3365,ו
3366,צ
3367,ת
3368,ם
3369,ב
3370,כ
3371,ד
3372,ו
3373,ר
3374,ס
3375,ל
3376,ה
3377,ע
3378,ו
3379,ל
3380,מ
3381,י
3382,ה
3383,ק
3384,ב
3385,ו
3386,צ
3387,ה
3388,ש
3389,ז
3390,ו
3391,כ
3392,ה
3393,ב
3394,כ
3395,ד
3396,ו
3397,ר
3398,מ
3399,ק
3400,ב
3401,ל
3402,ת
3403,א
3404,ו
3405,ת
3406,ו
3407,ג
3408,ם
3409,ב
3410,פ
3411,ת
3412,י
3413,ח
3414,ת
3415,ה
3416,מ
3417,ח
3418,צ
3419,י
3420,ת
3421,ה
3422,ש
3423,נ
3424,י
3425,י
3426,ה
3427,ו
3428,ב
3429,ר
3430,ב
3431,ע
3432,ה
3433,ש
3434,נ
3435,י
3436,ו
3437,ה
3438,ר
3439,ב
3440,י
3441,ע
3442,י
3443,ה
3444,ק
3445,ב
3446,ו
3447,צ
3448,ה
3449,ה
3450,ש
3451,נ
3452,י
3453,י
3454,ה
3455,ת
3456,ה
3457,י
3458,ה
3459,ז
3460,ו
3461,ש
3462,ת
3463,ק
3464,ב
3465,ל
3466,א
3467,ת
3468,ה
3469,כ
3470,ד
3471,ו
3472,ר
3473,ב
3474,ל
3475,י
3476,ג
3477,ת
3478,ה
3479,ה
3480,ק
3481,ב
3482,ו
3483,צ
3484,ה
3485,ש
3486,ז
3487,ו
3488,כ
3489,ה
3490,ב
3491,כ
3492,ד
3493,ו
3494,ר
3495,ב
3496,פ
3497,ת
3498,י
3499,ח
3500,ת
3501,ה
3502,מ
3503,ש
3504,ח
3505,ק
3506,מ
3507,ק
3508,ב
3509,ל
3510,ת
3511,א
3512,ו
3513,ת
3514,ו
3515,ג
3516,ם
3517,ב
3518,פ
3519,ת
3520,י
3521,ח
3522,ת
3523,ה
3524,ר
3525,ב
3526,ע
3527,ה
3528,ר
3529,ב
3530,י
3531,ע
3532,י
3533,ו
3534,ה
3535,י
3536,ר
3537,י
3538,ב
3539,ה
3540,ת
3541,ת
3542,ח
3543,י
3544,ל
3545,א
3546,ת
3547,ה
3548,ר
3549,ב
3550,ע
3551,ה
3552,ש
3553,נ
3554,י
3555,ו
3556,ה
3557,ש
3558,ל
3559,י
3560,ש
3561,י
3562,ז
3563,ר
3564,י
3565,ק
3566,ת
3567,כ
3568,ד
3569,ו
3570,ר
3571,ב
3572,י
3573,נ
3574,י
3575,י
3576,ם
3577,י
3578,כ
3579,ו
3580,ל
3581,ה
3582,ל
3583,ה
3584,י
3585,ו
3586,ו
3587,צ
3588,ר
3589,ג
3590,ם
3591,ב
3592,מ
3593,ה
3594,ל
3595,ך
3596,מ
3597,ש
3598,ח
3599,ק
3600,א
3601,ם
3602,ה
3603,כ
3604,ד
3605,ו
3606,ר
3607,מ
3608,ו
3609,ח
3610,ז
3611,ק
3612,ב
3613,מ
3614,ש
3615,ך
3616,ש
3617,נ
3618,י
3619,ו
3620,ת
3621,ע
3622,ל
3623,י
3624,ד
3625,י
3626,ש
3627,נ
3628,י
3629,ש
3630,ח
3631,ק
3632,נ
3633,י
3634,ם
3635,י
3636,ר
3637,י
3638,ב
3639,י
3640,ם
3641,י
3642,ח
3643,ד
3644,מ
3645,ג
3646,ר
3647,ש
3648,ס
3649,ל
3650,ו
3651,כ
3652,ד
3653,ו
3654,ר
3655,א
3656,ו
3657,ר
3658,כ
3659,ו
3660,ש
3661,ל
3662,מ
3663,ג
3664,ר
3665,ש
3666,כ
3667,ד
3668,ו
3669,ר
3670,ס
3671,ל
3672,ה
3673,ו
3674,א
3675,מ
3676,ט
3677,ר
3678,ו
3679,ר
3680,ו
3681,ח
3682,ב
3683,ו
3684,מ
3685,ט
3686,ר
3687,ב
3688,ו
3689,ב
3690,כ
3691,א
3692,ש
3693,ר
3694,ה
3695,ו
3696,א
3697,מ
3698,ח
3699,ו
3700,ל
3701,ק
3702,ל
3703,ש
3704,נ
3705,י
3706,ח
3707,ל
3708,ק
3709,י
3710,ם
3711,ש
3712,ו
3713,ו
3714,י
3715,ם
3716,ב
3717,א
3718,מ
3719,צ
3720,ע
3721,ו
3722,ת
3723,ק
3724,ו
3725,ה
3726,ח
3727,צ
3728,י
3729,ב
3730,כ
3731,ל
3732,א
3733,ח
3734,ד
3735,מ
3736,ש
3737,נ
3738,י
3739,ק
3740,צ
3741,ו
3742,ת
3743,ה
3744,מ
3745,ג
3746,ר
3747,ש
3748,מ
3749,ו
3750,ת
3751,ק
3752,ן
3753,ל
3754,ו
3755,ח
3756,ס
3757,מ
3758,ה
3759,ב
3760,ו
3761,ל
3762,ט
3763,ס
3764,נ
3765,ט
3766,י
3767,מ
3768,ט
3769,ר
3770,י
3771,ם
3772,ל
3773,ת
3774,ו
3775,ך
3776,ה
3777,מ
3778,ג
3779,ר
3780,ש
3781,ב
3782,ג
3783,ו
3784,ב
3785,ה
3786,ס
3787,נ
3788,ט
3789,י
3790,מ
3791,ט
3792,ר
3793,י
3794,ם
3795,מ
3796,ן
3797,ה
3798,ק
3799,צ
3800,ה
3801,ה
3802,ת
3803,ח
3804,ת
3805,ו
3806,ן
3807,ש
3808,ל
3809,ה
3810,ל
3811,ו
3812,ח
3813,מ
3814,ו
3815,ת
3816,ק
3817,ן
3818,ה
3819,ס
3820,ל
3821,ב
3822,ג
3823,ו
3824,ב
3825,ה
3826,מ
3827,ט
3828,ר
3829,מ
3830,ן
3831,ה
3832,ק
3833,ר
3834,ק
3835,ע
3836,ה
3837,ס
3838,ל
3839,ה
3840,ו
3841,א
3842,ח
3843,י
3844,ש
3845,ו
3846,ק
3847,ש
3848,ק
3849,ו
3850,ט
3851,ר
3852,ו
3853,ה
3854,פ
3855,נ
3856,י
3857,מ
3858,י
3859,ס
3860,נ
3861,ט
3862,י
3863,מ
3864,ט
3865,ר
3866,י
3867,ם
3868,ש
3869,מ
3870,ח
3871,ו
3872,ב
3873,ר
3874,ת
3875,א
3876,ל
3877,י
3878,ו
3879,ר
3880,ש
3881,ת
3882,ש
3883,א
3884,ו
3885,ר
3886,כ
3887,ה
3888,ס
3889,נ
3890,ט
3891,י
3892,מ
3893,ט
3894,ר
3895,י
3896,ם
3897,ס
3898,ב
3899,י
3900,ב
3901,כ
3902,ל
3903,ס
3904,ל
3905,י
3906,ש
3907,א
3908,ת
3909,ק
3910,ש
3911,ת
3912,ה
3913,ש
3914,ל
3915,ו
3916,ש
3917,ש
3918,ה
3919,י
3920,א
3921,ק
3922,ש
3923,ת
3924,ע
3925,ג
3926,ו
3927,ל
3928,ה
3929,ב
3930,ר
3931,ד
3932,י
3933,ו
3934,ס
3935,ש
3936,ל
3937,מ
3938,ט
3939,ר
3940,מ
3941,ה
3942,ס
3943,ל
3944,ב
3945,ל
3946,י
3947,ג
3948,ת
3949,ה
3950,ו
3951,מ
3952,ט
3953,ר
3954,מ
3955,ה
3956,ס
3957,ל
3958,ל
3959,פ
3960,י
3961,ה
3962,ח
3963,ו
3964,ק
3965,ה
3966,ש
3967,ל
3968,ל
3969,ר
3970,א
3971,ש
3972,ו
3973,נ
3974,ה
3975,ע
3976,ם
3977,פ
3978,ת
3979,י
3980,ח
3981,ת
3982,ה
3983,ע
3984,ו
3985,נ
3986,ה
3987,ב
3988,ל
3989,י
3990,ג
3991,ת
3992,ה
3993,כ
3994,ד
3995,ו
3996,ר
3997,ס
3998,ל
3999,ב
4000,פ
4001,י
4002,ל
4003,י
4004,פ
4005,י
4006,נ
4007,י
4008,ם
4009,ה
4010,ו
4011,ס
4012,פ
4013,ה
4014,א
4015,פ
4016,ש
4017,ר
4018,ו
4019,ת
4020,ל
4021,ס
4022,ל
4023,ש
4024,ד
4025,ה
4026,ש
4027,ל
4028,א
4029,ר
4030,ב
4031,ע
4032,נ
4033,ק
4034,ו
4035,ד
4036,ו
4037,ת
4038,ב
4039,א
4040,מ
4041,צ
4042,ע
4043,ו
4044,ת
4045,ק
4046,ש
4047,ת
4048,ה
4049,נ
4050,מ
4051,צ
4052,א
4053,ת
4054,כ
4055,מ
4056,ט
4057,ר
4058,א
4059,ח
4060,ר
4061,י
4062,ק
4063,ש
4064,ת
4065,ה
4066,ש
4067,ל
4068,ו
4069,ש
4070,ה
4071,ק
4072,ו
4073,ל
4074,ע
4075,ל
4076,ס
4077,ל
4078,מ
4079,ק
4080,ש
4081,ת
4082,ז
4083,ו
4084,ז
4085,כ
4086,א
4087,י
4088,ל
4089,א
4090,ר
4091,ב
4092,ע
4093,נ
4094,ק
4095,ו
4096,ד
4097,ו
4098,ת
4099,ב
4100,ת
4101,ו
4102,ך
4103,ה
4104,ק
4105,ש
4106,ת
4107,ה
4108,ג
4109,ד
4110,ו
4111,ל
4112,ה
4113,י
4114,ש
4115,ר
4116,ח
4117,ב
4118,ה
4119,ב
4120,צ
4121,ו
4122,ר
4123,ת
4124,מ
4125,ל
4126,ב
4127,ן
4128,ה
4129,נ
4130,ק
4131,ר
4132,א
4133,ת
4134,ה
4135,ב
4136,ק
4137,ב
4138,ו
4139,ק
4140,א
4141,ו
4142,ה
4143,צ
4144,ב
4145,ע
4146,מ
4147,ש
4148,ו
4149,ם
4150,ש
4151,נ
4152,ה
4153,ו
4154,ג
4155,ל
4156,צ
4157,ב
4158,ו
4159,ע
4160,א
4161,ו
4162,ת
4163,ה
4164,ב
4165,צ
4166,ב
4167,ע
4168,ש
4169,ו
4170,נ
4171,ה
4172,מ
4173,ש
4174,א
4175,ר
4176,ה
4177,מ
4178,ג
4179,ר
4180,ש
4181,ב
4182,ת
4183,ו
4184,כ
4185,ו
4186,נ
4187,מ
4188,צ
4189,א
4190,ק
4191,ו
4192,ה
4193,ע
4194,ו
4195,נ
4196,ש
4197,י
4198,ן
4199,ה
4200,מ
4201,מ
4202,ו
4203,ק
4204,ם
4205,מ
4206,ט
4207,ר
4208,מ
4209,ה
4210,ס
4211,ל
4212,ר
4213,ו
4214,ח
4215,ב
4216,ק
4217,ו
4218,ו
4219,י
4220,ה
4221,מ
4222,ג
4223,ר
4224,ש
4225,ה
4226,ו
4227,א
4228,ס
4229,נ
4230,ט
4231,י
4232,מ
4233,ט
4234,ר
4235,כ
4236,ד
4237,ו
4238,ר
4239,כ
4240,ד
4241,ו
4242,ר
4243,ס
4244,ל
4245,ע
4246,ש
4247,ו
4248,י
4249,מ
4250,ח
4251,ו
4252,מ
4253,ר
4254,א
4255,ל
4256,ס
4257,ט
4258,י
4259,מ
4260,ע
4261,ו
4262,ר
4263,א
4264,ו
4265,מ
4266,ח
4267,ו
4268,מ
4269,ר
4270,ד
4271,מ
4272,ו
4273,י
4274,ע
4275,ו
4276,ר
4277,ה
4278,י
4279,ק
4280,פ
4281,ו
4282,ש
4283,ל
4284,ה
4285,כ
4286,ד
4287,ו
4288,ר
4289,ס
4290,מ
4291,ו
4292,מ
4293,ש
4294,ק
4295,ל
4296,ו
4297,ג
4298,ר
4299,ם
4300,ב
4301,ל
4302,י
4303,ג
4304,ו
4305,ת
4306,ה
4307,מ
4308,ק
4309,צ
4310,ו
4311,ע
4312,נ
4313,י
4314,ו
4315,ת
4316,ב
4317,ו
4318,ב
4319,א
4320,י
4321,ר
4322,ו
4323,פ
4324,ה
4325,מ
4326,ש
4327,ת
4328,מ
4329,ש
4330,י
4331,ם
4332,ב
4333,כ
4334,ד
4335,ו
4336,ר
4337,מ
4338,ע
4339,ו
4340,ר
4341,פ
4342,ס
4343,ל
4344,ש
4345,ח
4346,ק
4347,נ
4348,י
4349,כ
4350,ד
4351,ו
4352,ר
4353,ס
4354,ל
4355,ש
4356,ל
4357,ה
4358,פ
4359,ס
4360,ל
4361,ד
4362,נ
4363,י
4364,א
4365,ל
4366,ב
4367,ה
4368,ר
4369,י
4370,ר
4371,ב
4372,מ
4373,כ
4374,ו
4375,ן
4376,ו
4377,י
4378,נ
4379,ג
4380,י
4381,י
4382,ט
4383,ע
4384,ב
4385,י
4386,ר
4387,ו
4388,ת
4389,א
4390,ף
4391,ש
4392,מ
4393,ג
4394,ע
4395,מ
4396,ו
4397,ת
4398,ר
4399,ב
4400,מ
4401,ש
4402,ח
4403,ק
4404,ה
4405,כ
4406,ד
4407,ו
4408,ר
4409,ס
4410,ל
4411,כ
4412,ל
4413,מ
4414,כ
4415,ה
4416,ד
4417,ח
4418,י
4419,פ
4420,ה
4421,ה
4422,ח
4423,ז
4424,ק
4425,ה
4426,ו
4427,מ
4428,ג
4429,ע
4430,ב
4431,ע
4432,ז
4433,ר
4434,ת
4435,ש
4436,ת
4437,י
4438,י
4439,ד
4440,י
4441,י
4442,ם
4443,ב
4444,ו
4445,ז
4446,מ
4447,נ
4448,י
4449,ת
4450,ע
4451,ל
4452,ה
4453,ש
4454,ח
4455,ק
4456,ן
4457,ה
4458,ת
4459,ו
4460,ק
4461,ף
4462,נ
4463,ש
4464,ר
4465,ק
4466,ת
4467,ע
4468,ב
4469,י
4470,ר
4471,ה
4472,ב
4473,נ
4474,ו
4475,ס
4476,ף
4477,ב
4478,נ
4479,י
4480,ס
4481,י
4482,ו
4483,ן
4484,ל
4485,ח
4486,ט
4487,ו
4488,ף
4489,א
4490,ת
4491,ה
4492,כ
4493,ד
4494,ו
4495,ר
4496,א
4497,י
4498,ן
4499,ל
4500,ג
4501,ע
4502,ת
4503,ב
4504,ו
4505,ב
4506,י
4507,ד
4508,א
4509,ו
4510,ב
4511,ע
4512,י
4513,ק
4514,ר
4515,ב
4516,כ
4517,ף
4518,ה
4519,י
4520,ד
4521,ה
4522,א
4523,ו
4524,ח
4525,ז
4526,ת
4527,א
4528,ת
4529,ה
4530,כ
4531,ד
4532,ו
4533,ר
4534,כ
4535,ן
4536,ג
4537,ם
4538,כ
4539,א
4540,ש
4541,ר
4542,ש
4543,ח
4544,ק
4545,ן
4546,ת
4547,ו
4548,ק
4549,ף
4550,ש
4551,ח
4552,ק
4553,ן
4554,ע
4555,ם
4556,כ
4557,ד
4558,ו
4559,ר
4560,נ
4561,ת
4562,ק
4563,ע
4564,ב
4565,ש
4566,ח
4567,ק
4568,ן
4569,י
4570,ר
4571,י
4572,ב
4573,ב
4574,ח
4575,ו
4576,ז
4577,ק
4578,ה
4579,ז
4580,ו
4581,ר
4582,ק
4583,א
4584,ת
4585,ה
4586,כ
4587,ד
4588,ו
4589,ר
4590,א
4591,ל
4592,ע
4593,ב
4594,ר
4595,ר
4596,א
4597,ש
4598,ו
4599,ש
4600,ו
4601,ל
4602,ח
4603,מ
4604,ר
4605,פ
4606,ק
4607,א
4608,ו
4609,מ
4610,ט
4611,פ
4612,ס
4613,ע
4614,ל
4615,י
4616,ו
4617,ב
4618,ד
4619,ר
4620,ך
4621,ל
4622,ל
4623,ק
4624,י
4625,ח
4626,ת
4627,ר
4628,י
4629,ב
4630,א
4631,ו
4632,נ
4633,ד
4634,ת
4635,י
4636,ש
4637,ר
4638,ק
4639,ל
4640,ח
4641,ו
4642,ב
4643,ת
4644,ו
4645,ע
4646,ב
4647,י
4648,ר
4649,ת
4650,ת
4651,ו
4652,ק
4653,ף
4654,ב
4655,מ
4656,ק
4657,ר
4658,ה
4659,ש
4660,ב
4661,ו
4662,צ
4663,ע
4664,ה
4665,ע
4666,ב
4667,י
4668,ר
4669,ה
4670,ע
4671,ל
4672,ש
4673,ח
4674,ק
4675,ן
4676,ש
4677,ז
4678,ר
4679,ק
4680,א
4681,ת
4682,ה
4683,כ
4684,ד
4685,ו
4686,ר
4687,ל
4688,ס
4689,ל
4690,א
4691,ו
4692,ה
4693,י
4694,ה
4695,ב
4696,מ
4697,ה
4698,ל
4699,ך
4700,ש
4701,ל
4702,ז
4703,ר
4704,י
4705,ק
4706,ה
4707,ל
4708,ס
4709,ל
4710,ה
4711,ו
4712,א
4713,י
4714,ק
4715,ב
4716,ל
4717,ש
4718,ת
4719,י
4720,ז
4721,ר
4722,י
4723,ק
4724,ו
4725,ת
4726,מ
4727,ק
4728,ו
4729,ה
4730,ע
4731,ו
4732,נ
4733,ש
4734,י
4735,ן
4736,א
4737,ם
4738,ב
4739,ע
4740,ת
4741,ה
4742,ע
4743,ב
4744,י
4745,ר
4746,ה
4747,ה
4748,ו
4749,א
4750,ז
4751,ר
4752,ק
4753,מ
4754,ע
4755,ב
4756,ר
4757,ל
4758,ק
4759,ש
4760,ת
4761,ש
4762,ל
4763,ו
4764,ש
4765,ה
4766,נ
4767,ק
4768,ו
4769,ד
4770,ו
4771,ת
4772,ה
4773,ו
4774,א
4775,י
4776,ק
4777,ב
4778,ל
4779,ש
4780,ל
4781,ו
4782,ש
4783,ז
4784,ר
4785,י
4786,ק
4787,ו
4788,ת
4789,מ
4790,ק
4791,ו
4792,ה
4793,ע
4794,ו
4795,נ
4796,ש
4797,י
4798,ן
4799,ב
4800,מ
4801,ק
4802,ר
4803,ה
4804,ו
4805,ל
4806,מ
4807,ר
4808,ו
4809,ת
4810,ה
4811,ע
4812,ב
4813,י
4814,ר
4815,ה
4816,ה
4817,מ
4818,ה
4819,ל
4820,ך
4821,ה
4822,צ
4823,ל
4824,י
4825,ח
4826,ו
4827,ה
4828,כ
4829,ד
4830,ו
4831,ר
4832,נ
4833,כ
4834,נ
4835,ס
4836,ל
4837,ס
4838,ל
4839,ה
4840,ס
4841,ל
4842,י
4843,ח
4844,ש
4845,ב
4846,ו
4847,ב
4848,נ
4849,ו
4850,ס
4851,ף
4852,י
4853,ק
4854,ב
4855,ל
4856,ה
4857,ש
4858,ח
4859,ק
4860,ן
4861,ז
4862,ר
4863,י
4864,ק
4865,ת
4866,ע
4867,ו
4868,נ
4869,ש
4870,י
4871,ן
4872,א
4873,ח
4874,ת
4875,כ
4876,ל
4877,ק
4878,ל
4879,י
4880,ע
4881,ה
4882,מ
4883,ק
4884,ו
4885,ה
4886,ע
4887,ו
4888,נ
4889,ש
4890,י
4891,ן
4892,מ
4893,ק
4894,נ
4895,ה
4896,נ
4897,ק
4898,ו
4899,ד
4900,ה
4901,א
4902,ח
4903,ת
4904,א
4905,ם
4906,א
4907,ו
4908,ת
4909,ה
4910,ק
4911,ב
4912,ו
4913,צ
4914,ה
4915,ב
4916,י
4917,צ
4918,ע
4919,ה
4920,א
4921,ר
4922,ב
4923,ע
4924,ע
4925,ב
4926,י
4927,ר
4928,ו
4929,ת
4930,ב
4931,ר
4932,ב
4933,ע
4934,א
4935,ח
4936,ד
4937,כ
4938,ל
4939,ע
4940,ב
4941,י
4942,ר
4943,ה
4944,נ
4945,ו
4946,ס
4947,פ
4948,ת
4949,ב
4950,א
4951,ו
4952,ת
4953,ו
4954,ה
4955,ר
4956,ב
4957,ע
4958,ת
4959,ו
4960,ב
4961,י
4962,ל
4963,ל
4964,ש
4965,ת
4966,י
4967,ז
4968,ר
4969,י
4970,ק
4971,ו
4972,ת
4973,ע
4974,ו
4975,נ
4976,ש
4977,י
4978,ן
4979,ש
4980,ל
4981,ה
4982,י
4983,ר
4984,י
4985,ב
4986,ה
4987,ג
4988,ם
4989,א
4990,ם
4991,ה
4992,ש
4993,ח
4994,ק
4995,ן
4996,ע
4997,ל
4998,י
4999,ו
5000,ב
5001,ו
5002,צ
5003,ע
5004,ה
5005,ה
5006,ע
5007,ב
5008,י
5009,ר
5010,ה
5011,ל
5012,א
5013,ה
5014,י
5015,ה
5016,ב
5017,מ
5018,ה
5019,ל
5020,ך
5021,ז
5022,ר
5023,י
5024,ק
5025,ה
5026,ל
5027,ס
5028,ל
5029,ש
5030,ח
5031,ק
5032,ן
5033,ש
5034,ב
5035,י
5036,צ
5037,ע
5038,ע
5039,ב
5040,י
5041,ר
5042,ו
5043,ת
5044,א
5045,ו
5046,ע
5047,ב
5048,י
5049,ר
5050,ו
5051,ת
5052,ב
5053,מ
5054,ו
5055,ר
5056,ח
5057,ק
5058,ע
5059,ד
5060,ס
5061,י
5062,ו
5063,ם
5064,ה
5065,מ
5066,ש
5067,ח
5068,ק
5069,ע
5070,ב
5071,י
5072,ר
5073,ה
5074,ק
5075,ש
5076,ה
5077,ב
5078,מ
5079,י
5080,ו
5081,ח
5082,ד
5083,א
5084,ו
5085,ע
5086,ב
5087,י
5088,ר
5089,ה
5090,ש
5091,א
5092,י
5093,נ
5094,ה
5095,ת
5096,ו
5097,א
5098,מ
5099,ת
5100,א
5101,ת
5102,ר
5103,ו
5104,ח
5105,ה
5106,מ
5107,ש
5108,ח
5109,ק
5110,נ
5111,ק
5112,ר
5113,א
5114,ת
5115,ע
5116,ב
5117,י
5118,ר
5119,ה
5120,ב
5121,ל
5122,ת
5123,י
5124,ס
5125,פ
5126,ו
5127,ר
5128,ט
5129,י
5130,ב
5131,י
5132,ת
5133,ו
5134,מ
5135,ע
5136,נ
5137,י
5138,ק
5139,ה
5140,ל
5141,ק
5142,ב
5143,ו
5144,צ
5145,ה
5146,ה
5147,י
5148,ר
5149,י
5150,ב
5151,ה
5152,ש
5153,ת
5154,י
5155,ז
5156,ר
5157,י
5158,ק
5159,ו
5160,ת
5161,מ
5162,ק
5163,ו
5164,ה
5165,ע
5166,ו
5167,נ
5168,ש
5169,י
5170,ן
5171,כ
5172,ש
5173,ל
5174,א
5175,ח
5176,ר
5177,י
5178,ה
5179,ן
5180,ת
5181,ז
5182,כ
5183,ה
5184,ג
5185,ם
5186,ב
5187,כ
5188,ד
5189,ו
5190,ר
5191,מ
5192,ן
5193,ה
5194,צ
5195,ד
5196,ב
5197,מ
5198,ק
5199,ר
5200,ה
5201,ש
5202,ב
5203,ו
5204,א
5205,ו
5206,ת
5207,ו
5208,ש
5209,ח
5210,ק
5211,ן
5212,ב
5213,י
5214,צ
5215,ע
5216,פ
5217,ע
5218,מ
5219,י
5220,י
5221,ם
5222,ב
5223,א
5224,ו
5225,ת
5226,ו
5227,מ
5228,ש
5229,ח
5230,ק
5231,ע
5232,ב
5233,י
5234,ר
5235,ה
5236,ב
5237,ל
5238,ת
5239,י
5240,ס
5241,פ
5242,ו
5243,ר
5244,ט
5245,י
5246,ב
5247,י
5248,ת
5249,א
5250,ו
5251,ש
5252,ה
5253,ע
5254,ב
5255,י
5256,ר
5257,ה
5258,ש
5259,ב
5260,ו
5261,צ
5262,ע
5263,ה
5264,ח
5265,מ
5266,ו
5267,ר
5268,ה
5269,ב
5270,מ
5271,י
5272,ו
5273,ח
5274,ד
5275,ה
5276,ש
5277,ח
5278,ק
5279,ן
5280,ה
5281,פ
5282,ו
5283,ג
5284,ע
5285,י
5286,ו
5287,ר
5288,ח
5289,ק
5290,מ
5291,י
5292,ד
5293,י
5294,ת
5295,מ
5296,ה
5297,מ
5298,ש
5299,ח
5300,ק
5301,ה
5302,ת
5303,נ
5304,ה
5305,ג
5306,ו
5307,ת
5308,ב
5309,ל
5310,ת
5311,י
5312,ס
5313,פ
5314,ו
5315,ר
5316,ט
5317,י
5318,ב
5319,י
5320,ת
5321,ש
5322,ל
5323,ש
5324,ח
5325,ק
5326,ן
5327,א
5328,ו
5329,מ
5330,א
5331,מ
5332,ן
5333,ש
5334,א
5335,י
5336,נ
5337,ה
5338,ק
5339,ש
5340,ו
5341,ר
5342,ה
5343,ל
5344,מ
5345,ה
5346,ל
5347,כ
5348,ו
5349,ה
5350,ש
5351,ו
5352,ט
5353,ף
5354,ש
5355,ל
5356,ה
5357,מ
5358,ש
5359,ח
5360,ק
5361,נ
5362,ק
5363,ר
5364,א
5365,ת
5366,ע
5367,ב
5368,י
5369,ר
5370,ה
5371,ט
5372,כ
5373,נ
5374,י
5375,ת
5376,ו
5377,ת
5378,ע
5379,נ
5380,י
5381,ק
5382,ז
5383,ר
5384,י
5385,ק
5386,ה
5387,א
5388,ח
5389,ת
5390,ו
5391,ל
5392,א
5393,ח
5394,ר
5395,י
5396,ה
5397,ה
5398,ש
5399,ו
5400,פ
5401,ט
5402,י
5403,מ
5404,ש
5405,י
5406,ך
5407,א
5408,ת
5409,ה
5410,מ
5411,ש
5412,ח
5413,ק
5414,מ
5415,ה
5416,נ
5417,ק
5418,ו
5419,ד
5420,ה
5421,ש
5422,ע
5423,צ
5424,ר
5425,ש
5426,ל
5427,י
5428,ש
5429,י
5430,י
5431,ת
5432,ש
5433,ו
5434,פ
5435,ט
5436,י
5437,ם
5438,מ
5439,ת
5440,י
5441,י
5442,ע
5443,צ
5444,י
5445,ם
5446,ז
5447,ה
5448,ב
5449,ז
5450,ה
5451,ב
5452,מ
5453,ה
5454,ל
5455,ך
5456,מ
5457,ש
5458,ח
5459,ק
5460,ח
5461,ו
5462,ק
5463,י
5464,ם
5465,נ
5466,ו
5467,ס
5468,פ
5469,י
5470,ם
5471,ש
5472,ע
5473,ו
5474,ן
5475,ז
5476,ר
5477,י
5478,ק
5479,ו
5480,ת
5481,א
5482,ו
5483,ש
5484,ע
5485,ו
5486,ן
5487,ה
5488,ת
5489,ק
5490,פ
5491,ה
5492,ל
5493,ק
5494,ב
5495,ו
5496,צ
5497,ה
5498,א
5499,ס
5500,ו
5501,ר
5502,ל
5503,ה
5504,ח
5505,ז
5506,י
5507,ק
5508,א
5509,ת
5510,ה
5511,כ
5512,ד
5513,ו
5514,ר
5515,י
5516,ו
5517,ת
5518,ר
5519,מ
5520,ש
5521,נ
5522,י
5523,ו
5524,ת
5525,ל
5526,ל
5527,א
5528,ז
5529,ר
5530,י
5531,ק
5532,ה
5533,ל
5534,ס
5535,ל
5536,ה
5537,י
5538,ר
5539,י
5540,ב
5541,א
5542,ש
5543,ר
5544,פ
5545,ג
5546,ע
5547,ה
5548,ב
5549,ט
5550,ב
5551,ע
5552,ת
5553,ב
5554,ע
5555,ב
5556,ר
5557,ה
5558,י
5559,ה
5560,ה
5561,ז
5562,מ
5563,ן
5564,ה
5565,מ
5566,ו
5567,ת
5568,ר
5569,ש
5570,נ
5571,י
5572,ו
5573,ת
5574,ש
5575,ע
5576,ו
5577,ן
5578,ז
5579,ר
5580,י
5581,ק
5582,ו
5583,ת
5584,ז
5585,ה
5586,נ
5587,כ
5588,נ
5589,ס
5590,ל
5591,ת
5592,ו
5593,ק
5594,ף
5595,ר
5596,ק
5597,ב
5598,ש
5599,נ
5600,ת
5601,כ
5602,ש
5603,ל
5604,פ
5605,נ
5606,י
5607,כ
5608,ן
5609,ל
5610,א
5611,ה
5612,י
5613,י
5614,ת
5615,ה
5616,ה
5617,ג
5618,ב
5619,ל
5620,ת
5621,ז
5622,מ
5623,ן
5624,כ
5625,ל
5626,ל
5627,כ
5628,מ
5629,ו
5630,כ
5631,ן
5632,ע
5633,ל
5634,ה
5635,ק
5636,ב
5637,ו
5638,צ
5639,ה
5640,ה
5641,ת
5642,ו
5643,ק
5644,פ
5645,ת
5646,ל
5647,ה
5648,ג
5649,י
5650,ע
5651,ל
5652,מ
5653,ח
5654,צ
5655,י
5656,ת
5657,ה
5658,מ
5659,ג
5660,ר
5661,ש
5662,ש
5663,ל
5664,ה
5665,י
5666,ר
5667,י
5668,ב
5669,ה
5670,ב
5671,ת
5672,ו
5673,ך
5674,ש
5675,נ
5676,י
5677,ו
5678,ת
5679,ב
5680,ע
5681,ב
5682,ר
5683,מ
5684,ת
5685,ח
5686,י
5687,ל
5688,ת
5689,ה
5690,ה
5691,ת
5692,ק
5693,פ
5694,ה
5695,ו
5696,ל
5697,א
5698,ח
5699,ר
5700,ש
5701,ה
5702,ג
5703,י
5704,ע
5705,ה
5706,ל
5707,מ
5708,ח
5709,צ
5710,י
5711,ת
5712,ה
5713,מ
5714,ג
5715,ר
5716,ש
5717,ש
5718,ל
5719,ה
5720,י
5721,ר
5722,י
5723,ב
5724,ה
5725,א
5726,ס
5727,ו
5728,ר
5729,ל
5730,ה
5731,ל
5732,ח
5733,ז
5734,ו
5735,ר
5736,ל
5737,ח
5738,ל
5739,ק
5740,ה
5741,מ
5742,ג
5743,ר
5744,ש
5745,ש
5746,ל
5747,ה
5748,א
5749,ס
5750,ו
5751,ר
5752,ל
5753,ל
5754,כ
5755,ת
5756,ת
5757,ו
5758,ך
5759,א
5760,ח
5761,י
5762,ז
5763,ה
5764,ב
5765,כ
5766,ד
5767,ו
5768,ר
5769,צ
5770,ע
5771,ד
5772,י
5773,ם
5774,ה
5775,צ
5776,ע
5777,ד
5778,ה
5779,מ
5780,ק
5781,ס
5782,י
5783,מ
5784,ל
5785,י
5786,ה
5787,מ
5788,ו
5789,ת
5790,ר
5791,ה
5792,ו
5793,א
5794,צ
5795,ע
5796,ד
5797,ו
5798,ח
5799,צ
5800,י
5801,ה
5802,ר
5803,ג
5804,ל
5805,ה
5806,ר
5807,א
5808,ש
5809,ו
5810,נ
5811,ה
5812,ל
5813,ג
5814,ע
5815,ת
5816,ב
5817,ר
5818,צ
5819,פ
5820,ה
5821,ע
5822,ם
5823,ת
5824,פ
5825,י
5826,ס
5827,ת
5828,ה
5829,כ
5830,ד
5831,ו
5832,ר
5833,נ
5834,ק
5835,ב
5836,ע
5837,ת
5838,כ
5839,ר
5840,ג
5841,ל
5842,צ
5843,י
5844,ר
5845,ו
5846,א
5847,ת
5848,ה
5849,ר
5850,ג
5851,ל
5852,ה
5853,ש
5854,נ
5855,י
5856,י
5857,ה
5858,נ
5859,י
5860,ת
5861,ן
5862,ל
5863,ה
5864,ז
5865,י
5866,ז
5867,ל
5868,ל
5869,א
5870,מ
5871,ג
5872,ב
5873,ל
5874,ה
5875,א
5876,ך
5877,מ
5878,ר
5879,ג
5880,ע
5881,ש
5882,ה
5883,ו
5884,א
5885,מ
5886,ר
5887,י
5888,ם
5889,א
5890,ת
5891,ר
5892,ג
5893,ל
5894,ה
5895,צ
5896,י
5897,ר
5898,ע
5899,ל
5900,י
5901,ו
5902,ל
5903,מ
5904,ס
5905,ו
5906,ר
5907,א
5908,ת
5909,ה
5910,כ
5911,ד
5912,ו
5913,ר
5914,א
5915,ו
5916,ל
5917,ז
5918,ר
5919,ו
5920,ק
5921,ל
5922,ס
5923,ל
5924,ל
5925,פ
5926,נ
5927,י
5928,ש
5929,ר
5930,ג
5931,ל
5932,ה
5933,צ
5934,י
5935,ר
5936,נ
5937,ו
5938,ג
5939,ע
5940,ת
5941,ש
5942,ו
5943,ב
5944,ב
5945,ר
5946,צ
5947,פ
5948,ה
5949,כ
5950,מ
5951,ו
5952,כ
5953,ן
5954,א
5955,ס
5956,ו
5957,ר
5958,ל
5959,ב
5960,ע
5961,ו
5962,ט
5963,ב
5964,כ
5965,ד
5966,ו
5967,ר
5968,ב
5969,כ
5970,ו
5971,ו
5972,נ
5973,ה
5974,ת
5975,ח
5976,י
5977,ל
5978,ה
5979,ר
5980,ג
5981,ל
5982,א
5983,ו
5984,ל
5985,כ
5986,ד
5987,ר
5988,ר
5989,כ
5990,ד
5991,ו
5992,ר
5993,ב
5994,ש
5995,נ
5996,י
5997,ת
5998,ל
5999,א
6000,ח
6001,ר
6002,ש
6003,כ
6004,ו
6005,ד
6006,ר
6007,ר
6008,ו
6009,נ
6010,ת
6011,פ
6012,ס
6013,ד
6014,א
6015,ב
6016,ל
6017,ב
6018,מ
6019,ק
6020,ר
6021,ה
6022,ב
6023,ו
6024,נ
6025,ו
6026,ח
6027,ת
6028,ה
6029,ש
6030,ח
6031,ק
6032,ן
6033,ב
6034,א
6035,ו
6036,ת
6037,ו
6038,ה
6039,ר
6040,ג
6041,ע
6042,ש
6043,ר
6044,ג
6045,ל
6046,ה
6047,צ
6048,י
6049,ר
6050,ש
6051,ל
6052,ו
6053,נ
6054,ו
6055,ג
6056,ע
6057,ת
6058,ב
6059,ר
6060,צ
6061,פ
6062,ה
6063,צ
6064,ע
6065,ד
6066,ש
6067,ל
6068,י
6069,ש
6070,י
6071,כ
6072,ב
6073,י
6074,כ
6075,ו
6076,ל
6077,ו
6078,ה
6079,כ
6080,ד
6081,ו
6082,ר
6083,מ
6084,ת
6085,נ
6086,ת
6087,ק
6088,מ
6089,י
6090,ד
6091,ו
6092,ת
6093,י
6094,ש
6095,ר
6096,ק
6097,ש
6098,ר
6099,י
6100,ק
6101,ת
6102,צ
6103,ע
6104,ד
6105,י
6106,ם
6107,א
6108,ך
6109,ה
6110,ס
6111,ל
6112,י
6113,ה
6114,י
6115,ה
6116,נ
6117,י
6118,ת
6119,ן
6120,ל
6121,ה
6122,י
6123,ח
6124,ש
6125,ב
6126,ל
6127,ש
6128,ח
6129,ק
6130,ן
6131,ת
6132,ו
6133,ק
6134,ף
6135,א
6136,ס
6137,ו
6138,ר
6139,ל
6140,ש
6141,ה
6142,ו
6143,ת
6144,ב
6145,ר
6146,ח
6147,ב
6148,ת
6149,ה
6150,ע
6151,ו
6152,נ
6153,ש
6154,י
6155,ן
6156,ש
6157,ל
6158,ה
6159,ק
6160,ב
6161,ו
6162,צ
6163,ה
6164,ה
6165,י
6166,ר
6167,י
6168,ב
6169,ה
6170,י
6171,ו
6172,ת
6173,ר
6174,מ
6175,ש
6176,ל
6177,ו
6178,ש
6179,ש
6180,נ
6181,י
6182,ו
6183,ת
6184,ל
6185,ל
6186,א
6187,ז
6188,ר
6189,י
6190,ק
6191,ת
6192,ה
6193,כ
6194,ד
6195,ו
6196,ר
6197,ל
6198,ס
6199,ל
6200,ב
6201,ל
6202,י
6203,ג
6204,ת
6205,ה
6206,א
6207,ס
6208,ו
6209,ר
6210,ג
6211,ם
6212,ל
6213,ש
6214,ח
6215,ק
6216,ן
6217,ה
6218,מ
6219,ג
6220,ן
6221,ה
6222,ח
6223,ו
6224,ק
6225,ג
6226,ם
6227,א
6228,ו
6229,ס
6230,ר
6231,ה
6232,ת
6233,מ
6234,ס
6235,ר
6236,ו
6237,ת
6238,ש
6239,ל
6240,י
6241,ו
6242,ת
6243,ר
6244,מ
6245,פ
6246,ע
6247,מ
6248,י
6249,י
6250,ם
6251,ב
6252,י
6253,ן
6254,ש
6255,נ
6256,י
6257,ש
6258,ח
6259,ק
6260,נ
6261,י
6262,ם
6263,ה
6264,מ
6265,מ
6266,ו
6267,ק
6268,מ
6269,י
6270,ם
6271,ב
6272,ת
6273,ו
6274,ך
6275,ה
6276,צ
6277,ב
6278,ע
6279,א
6280,י
6281,ן
6282,ל
6283,ח
6284,ס
6285,ו
6286,ם
6287,א
6288,ת
6289,ה
6290,כ
6291,ד
6292,ו
6293,ר
6294,ל
6295,א
6296,ח
6297,ר
6298,ש
6299,י
6300,ר
6301,ד
6302,ב
6303,מ
6304,ע
6305,ו
6306,פ
6307,ו
6308,א
6309,ל
6310,ע
6311,ב
6312,ר
6313,ה
6314,ט
6315,ב
6316,ע
6317,ת
6318,א
6319,ו
6320,כ
6321,א
6322,ש
6323,ר
6324,ה
6325,כ
6326,ד
6327,ו
6328,ר
6329,נ
6330,מ
6331,צ
6332,א
6333,מ
6334,ע
6335,ל
6336,ה
6337,ט
6338,ב
6339,ע
6340,ת
6341,ג
6342,ו
6343,ל
6344,ט
6345,נ
6346,ד
6347,י
6348,נ
6349,ג
6350,ב
6351,מ
6352,ק
6353,ר
6354,ה
6355,ש
6356,ל
6357,ה
6358,פ
6359,ר
6360,ה
6361,ש
6362,ל
6363,ח
6364,ו
6365,ק
6366,ז
6367,ה
6368,ת
6369,ח
6370,ש
6371,ב
6372,ה
6373,ז
6374,ר
6375,י
6376,ק
6377,ה
6378,כ
6379,ק
6380,ל
6381,י
6382,ע
6383,ה
6384,מ
6385,ו
6386,צ
6387,ל
6388,ח
6389,ת
6390,א
6391,י
6392,ן
6393,ל
6394,ח
6395,ס
6396,ו
6397,ם
6398,א
6399,ת
6400,ה
6401,כ
6402,ד
6403,ו
6404,ר
6405,א
6406,ח
6407,ר
6408,י
6409,ש
6410,פ
6411,ג
6412,ע
6413,ב
6414,ק
6415,ר
6416,ש
6417,ב
6418,מ
6419,ק
6420,ר
6421,ה
6422,ש
6423,ל
6424,ה
6425,פ
6426,ר
6427,ה
6428,ש
6429,ל
6430,ח
6431,ו
6432,ק
6433,ז
6434,ה
6435,ת
6436,ח
6437,ש
6438,ב
6439,ה
6440,ז
6441,ר
6442,י
6443,ק
6444,ה
6445,כ
6446,ק
6447,ל
6448,י
6449,ע
6450,ה
6451,מ
6452,ו
6453,צ
6454,ל
6455,ח
6456,ת
6457,מ
6458,ו
6459,ש
6460,ג
6461,י
6462,י
6463,ס
6464,ו
6465,ד
6466,ב
6467,כ
6468,ד
6469,ו
6470,ר
6471,ס
6472,ל
6473,ע
6474,מ
6475,ד
6476,ו
6477,ת
6478,ע
6479,ר
6480,ך
6481,מ
6482,ו
6483,ר
6484,ח
6485,ב
6486,ע
6487,מ
6488,ד
6489,ו
6490,ת
6491,כ
6492,ד
6493,ו
6494,ר
6495,ס
6496,ל
6497,ת
6498,ר
6499,ש
6500,י
6501,ם
6502,ר
6503,ח
6504,ב
6505,ת
6506,ה
6507,ס
6508,ל
6509,א
6510,ף
6511,ש
6512,ה
6513,ח
6514,ו
6515,ק
6516,י
6517,ם
6518,ל
6519,א
6520,ק
6521,ב
6522,ע
6523,ו
6524,ק
6525,י
6526,ו
6527,ם
6528,ש
6529,ל
6530,ע
6531,מ
6532,ד
6533,ו
6534,ת
6535,ב
6536,ר
6537,ו
6538,ר
6539,ו
6540,ת
6541,ה
6542,ן
6543,נ
6544,ו
6545,צ
6546,ר
6547,ו
6548,כ
6549,ח
6550,ל
6551,ק
6552,מ
6553,ה
6554,ת
6555,פ
6556,ת
6557,ח
6558,ו
6559,ת
6560,ו
6561,ש
6562,ל
6563,ה
6564,מ
6565,ש
6566,ח
6567,ק
6568,ב
6569,ח
6570,מ
6571,ש
6572,ת
6573,ה
6574,ע
6575,ש
6576,ו
6577,ר
6578,י
6579,ם
6580,ה
6581,ר
6582,א
6583,ש
6584,ו
6585,נ
6586,י
6587,ם
6588,ש
6589,ל
6590,ה
6591,מ
6592,ש
6593,ח
6594,ק
6595,ה
6596,ג
6597,ד
6598,ר
6599,ת
6600,ה
6601,ע
6602,מ
6603,ד
6604,ו
6605,ת
6606,ה
6607,י
6608,י
6609,ת
6610,ה
6611,ש
6612,נ
6613,י
6614,ג
6615,א
6616,ר
6617,ד
6618,י
6619,ם
6620,ש
6621,נ
6622,י
6623,פ
6624,ו
6625,ר
6626,ו
6627,ו
6628,ר
6629,ד
6630,י
6631,ם
6632,ו
6633,ס
6634,נ
6635,ט
6636,ר
6637,מ
6638,א
6639,ז
6640,ש
6641,נ
6642,ו
6643,ת
6644,ה
6645,ש
6646,מ
6647,ו
6648,נ
6649,י
6650,ם
6651,ה
6652,ו
6653,ג
6654,ד
6655,ר
6656,ו
6657,ע
6658,מ
6659,ד
6660,ו
6661,ת
6662,מ
6663,פ
6664,ו
6665,ר
6666,ט
6667,ו
6668,ת
6669,י
6670,ו
6671,ת
6672,ר
6673,ר
6674,כ
6675,ז
6676,ע
6677,מ
6678,ד
6679,ה
6680,ת
6681,פ
6682,ק
6683,י
6684,ד
6685,ו
6686,ל
6687,נ
6688,ה
6689,ל
6690,א
6691,ת
6692,ה
6693,ה
6694,ת
6695,ק
6696,פ
6697,ו
6698,ת
6699,ש
6700,ל
6701,ה
6702,ק
6703,ב
6704,ו
6705,צ
6706,ה
6707,ע
6708,ל
6709,י
6710,ד
6711,י
6712,ש
6713,ל
6714,י
6715,ט
6716,ה
6717,ב
6718,כ
6719,ד
6720,ו
6721,ר
6722,ו
6723,ק
6724,ב
6725,ל
6726,ת
6727,ה
6728,ח
6729,ל
6730,ט
6731,ו
6732,ת
6733,כ
6734,מ
6735,ו
6736,ל
6737,מ
6738,י
6739,ל
6740,מ
6741,ס
6742,ו
6743,ר
6744,ו
6745,מ
6746,ת
6747,י
6748,מ
6749,ת
6750,י
6751,ל
6752,ז
6753,ר
6754,ו
6755,ק
6756,א
6757,י
6758,ז
6759,ה
6760,ת
6761,ר
6762,ג
6763,י
6764,ל
6765,ל
6766,ב
6767,צ
6768,ע
6769,ל
6770,ר
6771,ו
6772,ב
6773,ז
6774,ה
6775,ו
6776,ה
6777,ש
6778,ח
6779,ק
6780,ן
6781,ה
6782,נ
6783,מ
6784,ו
6785,ך
6786,ב
6787,ק
6788,ב
6789,ו
6790,צ
6791,ה
6792,ק
6793,ל
6794,ע
6795,ע
6796,מ
6797,ד
6798,ה
6799,ת
6800,פ
6801,ק
6802,י
6803,ד
6804,ו
6805,ה
6806,ע
6807,י
6808,ק
6809,ר
6810,י
6811,ב
6812,ה
6813,ת
6814,ק
6815,פ
6816,ה
6817,ה
6818,ו
6819,א
6820,ל
6821,ה
6822,ג
6823,י
6824,ע
6825,ל
6826,מ
6827,צ
6828,ב
6829,י
6830,ק
6831,ל
6832,י
6833,ע
6834,ה
6835,ו
6836,ל
6837,ש
6838,י
6839,ם
6840,א
6841,ת
6842,ה
6843,כ
6844,ד
6845,ו
6846,ר
6847,ב
6848,ס
6849,ל
6850,ל
6851,ר
6852,ו
6853,ב
6854,ז
6855,ה
6856,ו
6857,ש
6858,ח
6859,ק
6860,ן
6861,נ
6862,מ
6863,ו
6864,ך
6865,י
6866,ח
6867,ס
6868,י
6869,ת
6870,ו
6871,ז
6872,ר
6873,י
6874,ז
6875,ב
6876,ע
6877,ב
6878,ר
6879,י
6880,ת
6881,נ
6882,ה
6883,ו
6884,ג
6885,ל
6886,כ
6887,נ
6888,ו
6889,ת
6890,ת
6891,פ
6892,ק
6893,י
6894,ד
6895,ז
6896,ה
6897,ב
6898,כ
6899,י
6900,נ
6901,ו
6902,י
6903,ק
6904,ל
6905,ע
6906,ש
6907,כ
6908,ן
6909,ב
6910,א
6911,ו
6912,פ
6913,ן
6914,מ
6915,ס
6916,ו
6917,ר
6918,ת
6919,י
6920,ת
6921,פ
6922,ק
6923,י
6924,ד
6925,ז
6926,ה
6927,נ
6928,ו
6929,ע
6930,ד
6931,ל
6932,ש
6933,ח
6934,ק
6935,נ
6936,י
6937,ם
6938,ב
6939,ע
6940,ל
6941,י
6942,ק
6943,ל
6944,י
6945,ע
6946,ה
6947,מ
6948,ד
6949,ו
6950,י
6951,ק
6952,ת
6953,נ
6954,ק
6955,ר
6956,א
6957,ג
6958,ם
6959,ס
6960,ק
6961,נ
6962,ד
6963,ג
6964,א
6965,ר
6966,ד
6967,ש
6968,פ
6969,י
6970,ר
6971,ו
6972,ש
6973,ו
6974,ה
6975,ג
6976,א
6977,ר
6978,ד
6979,ה
6980,ש
6981,נ
6982,י
6983,ל
6984,צ
6985,ד
6986,ה
6987,ר
6988,כ
6989,ז
6990,ס
6991,מ
6992,ו
6993,ל
6994,פ
6995,ו
6996,ר
6997,ו
6998,ו
6999,ר
7000,ד
7001,ע
7002,מ
7003,ד
7004,ה
7005,ת
7006,פ
7007,ק
7008,י
7009,ד
7010,ו
7011,ה
7012,ו
7013,א
7014,ה
7015,מ
7016,ג
7017,ו
7018,ו
7019,ן
7020,ב
7021,י
7022,ו
7023,ת
7024,ר
7025,ב
7026,ד
7027,ר
7028,ך
7029,כ
7030,ל
7031,ל
7032,ו
7033,ה
7034,ו
7035,א
7036,צ
7037,ר
7038,י
7039,ך
7040,ל
7041,ש
7042,ל
7043,ו
7044,ט
7045,ב
7046,ר
7047,ו
7048,ב
7049,ה
7050,י
7051,כ
7052,ו
7053,ל
7054,ו
7055,ת
7056,ה
7057,ד
7058,ר
7059,ו
7060,ש
7061,ו
7062,ת
7063,ל
7064,ר
7065,ו
7066,ב
7067,ק
7068,ו
7069,ל
7070,ע
7071,מ
7072,ח
7073,צ
7074,י
7075,מ
7076,ר
7077,ח
7078,ק
7079,א
7080,ו
7081,ח
7082,ו
7083,ד
7084,ר
7085,ל
7086,ס
7087,ל
7088,ב
7089,ע
7090,ב
7091,ר
7092,י
7093,ת
7094,מ
7095,כ
7096,ו
7097,נ
7098,ה
7099,ה
7100,ת
7101,פ
7102,ק
7103,י
7104,ד
7105,ג
7106,ם
7107,ש
7108,ח
7109,ק
7110,ן
7111,ח
7112,צ
7113,י
7114,פ
7115,י
7116,נ
7117,ה
7118,פ
7119,א
7120,ו
7121,ו
7122,ר
7123,פ
7124,ו
7125,ר
7126,ו
7127,ו
7128,ר
7129,ד
7130,ע
7131,מ
7132,ד
7133,ה
7134,ת
7135,ו
7136,ק
7137,ף
7138,ל
7139,ר
7140,ו
7141,ב
7142,ק
7143,ר
7144,ו
7145,ב
7146,ל
7147,ס
7148,ל
7149,ו
7150,ע
7151,ם
7152,ה
7153,ג
7154,ב
7155,א
7156,ל
7157,י
7158,ו
7159,ל
7160,ע
7161,י
7162,ת
7163,י
7164,ם
7165,ג
7166,ם
7167,ב
7168,ע
7169,ל
7170,ק
7171,ל
7172,י
7173,ע
7174,ה
7175,ט
7176,ו
7177,ב
7178,ה
7179,מ
7180,ח
7181,צ
7182,י
7183,מ
7184,ר
7185,ח
7186,ק
7187,ב
7188,ה
7189,ג
7190,נ
7191,ה
7192,א
7193,ז
7194,ו
7195,ר
7196,י
7197,ת
7198,ש
7199,ו
7200,מ
7201,ר
7202,מ
7203,ת
7204,ח
7205,ת
7206,ל
7207,ס
7208,ל
7209,ב
7210,א
7211,ז
7212,ו
7213,ר
7214,ה
7215,צ
7216,ב
7217,ע
7218,ל
7219,ו
7220,ק
7221,ח
7222,ר
7223,י
7224,ב
7225,א
7226,ו
7227,נ
7228,ד
7229,י
7230,ם
7231,ו
7232,נ
7233,ו
7234,ת
7235,ן
7236,ח
7237,ס
7238,י
7239,מ
7240,ו
7241,ת
7242,ל
7243,ר
7244,ו
7245,ב
7246,ש
7247,ח
7248,ק
7249,ן
7250,ג
7251,ב
7252,ו
7253,ה
7254,ו
7255,ח
7256,ז
7257,ק
7258,ב
7259,ע
7260,ב
7261,ר
7262,י
7263,ת
7264,מ
7265,כ
7266,ו
7267,נ
7268,ה
7269,ה
7270,ת
7271,פ
7272,ק
7273,י
7274,ד
7275,ג
7276,ם
7277,ש
7278,ח
7279,ק
7280,ן
7281,ח
7282,צ
7283,י
7284,פ
7285,י
7286,נ
7287,ה
7288,ש
7289,ח
7290,ק
7291,ן
7292,צ
7293,י
7294,ר
7295,פ
7296,י
7297,נ
7298,ה
7299,א
7300,ו
7301,ש
7302,ח
7303,ק
7304,ן
7305,פ
7306,י
7307,נ
7308,ה
7309,ס
7310,נ
7311,ט
7312,ר
7313,ע
7314,מ
7315,ד
7316,ה
7317,ש
7318,ח
7319,ק
7320,ן
7321,צ
7322,י
7323,ר
7324,מ
7325,ש
7326,ת
7327,מ
7328,ש
7329,ל
7330,ר
7331,ו
7332,ב
7333,ב
7334,ג
7335,ו
7336,ב
7337,ה
7338,ו
7339,א
7340,ו
7341,ב
7342,מ
7343,מ
7344,ד
7345,י
7346,ו
7347,ה
7348,פ
7349,י
7350,ז
7351,י
7352,י
7353,ם
7354,ה
7355,ג
7356,ד
7357,ו
7358,ל
7359,י
7360,ם
7361,כ
7362,ד
7363,י
7364,ל
7365,ק
7366,ל
7367,ו
7368,ע
7369,מ
7370,ת
7371,ח
7372,ת
7373,ל
7374,ס
7375,ל
7376,ב
7377,ה
7378,ת
7379,ק
7380,פ
7381,ה
7382,א
7383,ו
7384,ל
7385,ש
7386,מ
7387,ו
7388,ר
7389,ע
7390,ל
7391,ה
7392,ס
7393,ל
7394,מ
7395,פ
7396,נ
7397,י
7398,ח
7399,ד
7400,י
7401,ר
7402,ו
7403,ת
7404,ב
7405,ה
7406,ג
7407,נ
7408,ה
7409,ו
7410,ל
7411,ק
7412,ח
7413,ת
7414,ר
7415,י
7416,ב
7417,א
7418,ו
7419,נ
7420,ד
7421,י
7422,ם
7423,ל
7424,ב
7425,צ
7426,ע
7427,ח
7428,ס
7429,י
7430,מ
7431,ו
7432,ת
7433,ו
7434,ל
7435,ש
7436,ל
7437,ו
7438,ט
7439,מ
7440,ת
7441,ח
7442,ת
7443,ל
7444,ס
7445,ל
7446,י
7447,ם
7448,ז
7449,ה
7450,ו
7451,ש
7452,ח
7453,ק
7454,ן
7455,ש
7456,ה
7457,ו
7458,א
7459,ב
7460,ד
7461,ר
7462,ך
7463,כ
7464,ל
7465,ל
7466,ח
7467,ל
7468,ש
7469,ב
7470,ק
7471,ל
7472,י
7473,ע
7474,ה
7475,מ
7476,ב
7477,ח
7478,ו
7479,ץ
7480,ב
7481,ע
7482,ב
7483,ר
7484,י
7485,ת
7486,נ
7487,ה
7488,ו
7489,ג
7490,ל
7491,כ
7492,נ
7493,ו
7494,ת
7495,ת
7496,פ
7497,ק
7498,י
7499,ד
7500,ז
7501,ה
7502,ב
7503,כ
7504,י
7505,נ
7506,ו
7507,י
7508,ש
7509,ח
7510,ק
7511,ן
7512,צ
7513,י
7514,ר
7515,ש
7516,כ
7517,ן
7518,ה
7519,ו
7520,א
7521,ה
7522,ש
7523,ח
7524,ק
7525,ן
7526,ש
7527,נ
7528,מ
7529,צ
7530,א
7531,ק
7532,ר
7533,ו
7534,ב
7535,ל
7536,מ
7537,ר
7538,כ
7539,ז
7540,א
7541,ז
7542,ו
7543,ר
7544,ה
7545,צ
7546,ב
7547,ע
7548,ו
7549,מ
7550,ש
7551,ח
7552,ק
7553,ה
7554,ה
7555,ת
7556,ק
7557,פ
7558,ה
7559,ש
7560,ל
7561,ה
7562,ק
7563,ב
7564,ו
7565,צ
7566,ה
7567,נ
7568,ע
7569,ס
7570,ב
7571,י
7572,ב
7573,ו
7574,ב
7575,פ
7576,ו
7577,ע
7578,ל
7579,ה
7580,ג
7581,ד
7582,ר
7583,ת
7584,ה
7585,ת
7586,פ
7587,ק
7588,י
7589,ד
7590,ש
7591,ל
7592,ה
7593,ע
7594,מ
7595,ד
7596,ו
7597,ת
7598,ה
7599,י
7600,א
7601,ג
7602,מ
7603,י
7604,ש
7605,ה
7606,ו
7607,ל
7608,ע
7609,י
7610,ת
7611,י
7612,ם
7613,מ
7614,א
7615,מ
7616,נ
7617,י
7618,ם
7619,ב
7620,ו
7621,ח
7622,ר
7623,י
7624,ם
7625,ל
7626,ה
7627,ש
7628,ת
7629,מ
7630,ש
7631,ב
7632,ה
7633,ר
7634,כ
7635,ב
7636,י
7637,ם
7638,א
7639,ח
7640,ר
7641,י
7642,ם
7643,א
7644,ו
7645,ל
7646,ה
7647,ג
7648,ד
7649,י
7650,ר
7651,ת
7652,פ
7653,ק
7654,י
7655,ד
7656,י
7657,ם
7658,ש
7659,ו
7660,נ
7661,י
7662,ם
7663,ב
7664,נ
7665,ו
7666,ס
7667,ף
7668,ק
7669,י
7670,י
7671,מ
7672,י
7673,ם
7674,ש
7675,ח
7676,ק
7677,נ
7678,י
7679,ם
7680,ה
7681,מ
7682,ס
7683,ו
7684,ג
7685,ל
7686,י
7687,ם
7688,ל
7689,ש
7690,ח
7691,ק
7692,ב
7693,י
7694,ו
7695,ת
7696,ר
7697,מ
7698,ע
7699,מ
7700,ד
7701,ה
7702,א
7703,ח
7704,ת
7705,ר
7706,י
7707,ב
7708,א
7709,ו
7710,נ
7711,ד
7712,ע
7713,ר
7714,ך
7715,מ
7716,ו
7717,ר
7718,ח
7719,ב
7720,ר
7721,י
7722,ב
7723,א
7724,ו
7725,נ
7726,ד
7727,ת
7728,פ
7729,י
7730,ס
7731,ת
7732,ה
7733,כ
7734,ד
7735,ו
7736,ר
7737,ל
7738,א
7739,ח
7740,ר
7741,ה
7742,ח
7743,ט
7744,א
7745,ה
7746,נ
7747,ק
7748,ר
7749,א
7750,ת
7751,כ
7752,ד
7753,ו
7754,ר
7755,ח
7756,ו
7757,ז
7758,ר
7759,א
7760,ו
7761,מ
7762,א
7763,נ
7764,ג
7765,ל
7766,י
7767,ת
7768,ר
7769,י
7770,ב
7771,א
7772,ו
7773,נ
7774,ד
7775,א
7776,ם
7777,ה
7778,כ
7779,ד
7780,ו
7781,ר
7782,ש
7783,ה
7784,ו
7785,ח
7786,ט
7787,א
7788,נ
7789,ת
7790,פ
7791,ס
7792,ע
7793,ל
7794,י
7795,ד
7796,י
7797,ש
7798,ח
7799,ק
7800,ן
7801,ה
7802,ק
7803,ב
7804,ו
7805,צ
7806,ה
7807,ה
7808,מ
7809,ת
7810,ג
7811,ו
7812,נ
7813,נ
7814,ת
7815,ה
7816,ר
7817,י
7818,ב
7819,א
7820,ו
7821,נ
7822,ד
7823,נ
7824,ק
7825,ר
7826,א
7827,ר
7828,י
7829,ב
7830,א
7831,ו
7832,נ
7833,ד
7834,ה
7835,ג
7836,נ
7837,ה
7838,ו
7839,כ
7840,א
7841,ש
7842,ר
7843,ה
7844,ק
7845,ב
7846,ו
7847,צ
7848,ה
7849,ש
7850,ז
7851,ר
7852,ק
7853,ה
7854,ו
7855,ה
7856,ח
7857,ט
7858,י
7859,א
7860,ה
7861,ה
7862,י
7863,א
7864,ז
7865,ו
7866,ש
7867,ז
7868,כ
7869,ת
7870,ה
7871,ב
7872,כ
7873,ד
7874,ו
7875,ר
7876,ה
7877,ח
7878,ו
7879,ז
7880,ר
7881,ה
7882,ר
7883,י
7884,ב
7885,א
7886,ו
7887,נ
7888,ד
7889,נ
7890,ק
7891,ר
7892,א
7893,ר
7894,י
7895,ב
7896,א
7897,ו
7898,נ
7899,ד
7900,ה
7901,ת
7902,ק
7903,פ
7904,ה
7905,ל
7906,ז
7907,כ
7908,י
7909,י
7910,ה
7911,ב
7912,ר
7913,י
7914,ב
7915,א
7916,ו
7917,נ
7918,ד
7919,ב
7920,מ
7921,ש
7922,ח
7923,ק
7924,ה
7925,כ
7926,ד
7927,ו
7928,ר
7929,ס
7930,ל
7931,מ
7932,י
7933,ו
7934,ח
7935,ס
7936,ת
7937,ח
7938,ש
7939,י
7940,ב
7941,ו
7942,ת
7943,ר
7944,ב
7945,ה
7946,ה
7947,ן
7948,ב
7949,מ
7950,מ
7951,ד
7952,ה
7953,א
7954,י
7955,ש
7956,י
7957,ו
7958,ה
7959,ן
7960,ב
7961,מ
7962,מ
7963,ד
7964,ה
7965,ק
7966,ב
7967,ו
7968,צ
7969,ת
7970,י
7971,ו
7972,ה
7973,ו
7974,א
7975,נ
7976,ח
7977,ש
7978,ב
7979,ל
7980,א
7981,ח
7982,ת
7983,ה
7984,ק
7985,ט
7986,ג
7987,ו
7988,ר
7989,י
7990,ו
7991,ת
7992,ה
7993,ח
7994,ש
7995,ו
7996,ב
7997,ו
7998,ת
7999,ב
8000,ס
8001,ט
8002,ט
8003,י
8004,ס
8005,ט
8006,י
8007,ק
8008,ת
8009,ה
8010,מ
8011,ש
8012,ח
8013,ק
8014,ב
8015,ד
8016,ר
8017,ך
8018,כ
8019,ל
8020,ל
8021,ה
8022,ר
8023,י
8024,ב
8025,א
8026,ו
8027,נ
8028,ד
8029,ר
8030,י
8031,ם
8032,ה
8033,מ
8034,ו
8035,ב
8036,י
8037,ל
8038,י
8039,ם
8040,ב
8041,כ
8042,ל
8043,ק
8044,ב
8045,ו
8046,צ
8047,ה
8048,ה
8049,ם
8050,ש
8051,ח
8052,ק
8053,נ
8054,י
8055,ה
8056,ה
8057,ג
8058,ב
8059,ו
8060,ה
8061,י
8062,ם
8063,ה
8064,ד
8065,ב
8066,ר
8067,נ
8068,ו
8069,ב
8070,ע
8071,מ
8072,ש
8073,ת
8074,י
8075,ס
8076,י
8077,ב
8078,ו
8079,ת
8080,ה
8081,א
8082,ח
8083,ת
8084,ה
8085,י
8086,א
8087,י
8088,ת
8089,ר
8090,ו
8091,נ
8092,ם
8093,ה
8094,פ
8095,י
8096,ז
8097,י
8098,ו
8099,ק
8100,ר
8101,ב
8102,ת
8103,ם
8104,א
8105,ל
8106,ה
8107,כ
8108,ד
8109,ו
8110,ר
8111,י
8112,ד
8113,ם
8114,ת
8115,ג
8116,י
8117,ע
8118,ר
8119,ח
8120,ו
8121,ק
8122,י
8123,ו
8124,ת
8125,ר
8126,ה
8127,ס
8128,י
8129,ב
8130,ה
8131,ה
8132,ש
8133,נ
8134,י
8135,י
8136,ה
8137,ה
8138,י
8139,א
8140,ש
8141,ג
8142,ם
8143,ב
8144,ה
8145,ג
8146,נ
8147,ה
8148,ו
8149,ג
8150,ם
8151,ב
8152,ה
8153,ת
8154,ק
8155,פ
8156,ה
8157,מ
8158,מ
8159,ו
8160,ק
8161,מ
8162,י
8163,ם
8164,ב
8165,ד
8166,ר
8167,ך
8168,כ
8169,ל
8170,ל
8171,ה
8172,ג
8173,ב
8174,ו
8175,ה
8176,י
8177,ם
8178,ב
8179,ק
8180,ר
8181,ב
8182,ת
8183,ה
8184,ס
8185,ל
8186,ו
8187,ל
8188,כ
8189,ן
8190,ה
8191,ם
8192,א
8193,ל
8194,ה
8195,ש
8196,נ
8197,מ
8198,צ
8199,א
8200,י
8201,ם
8202,ב
8203,א
8204,ז
8205,ו
8206,ר
8207,ב
8208,ו
8209,ב
8210,מ
8211,ר
8212,ב
8213,י
8214,ת
8215,ה
8216,מ
8217,ק
8218,ר
8219,י
8220,ם
8221,נ
8222,ו
8223,פ
8224,ל
8225,ה
8226,כ
8227,ד
8228,ו
8229,ר
8230,ב
8231,ד
8232,ר
8233,ך
8234,כ
8235,ל
8236,ל
8237,ל
8238,ש
8239,ח
8240,ק
8241,נ
8242,י
8243,ה
8244,ה
8245,ג
8246,נ
8247,ה
8248,י
8249,ש
8250,י
8251,ו
8252,ת
8253,ר
8254,ס
8255,י
8256,כ
8257,ו
8258,י
8259,י
8260,ם
8261,ל
8262,ק
8263,ח
8264,ת
8265,א
8266,ת
8267,ה
8268,ר
8269,י
8270,ב
8271,א
8272,ו
8273,נ
8274,ד
8275,א
8276,ס
8277,י
8278,ס
8279,ט
8280,ע
8281,ר
8282,ך
8283,מ
8284,ו
8285,ר
8286,ח
8287,ב
8288,א
8289,ס
8290,י
8291,ס
8292,ט
8293,א
8294,ס
8295,י
8296,ס
8297,ט
8298,מ
8299,ה
8300,מ
8301,י
8302,ל
8303,ה
8304,ה
8305,א
8306,נ
8307,ג
8308,ל
8309,י
8310,ת
8311,ע
8312,ז
8313,ר
8314,ה
8315,ה
8316,ו
8317,א
8318,מ
8319,ה
8320,ל
8321,ך
8322,ש
8323,ב
8324,ו
8325,ש
8326,ח
8327,ק
8328,ן
8329,מ
8330,ו
8331,ס
8332,ר
8333,א
8334,ת
8335,ה
8336,כ
8337,ד
8338,ו
8339,ר
8340,ל
8341,ח
8342,ב
8343,ר
8344,ו
8345,ו
8346,מ
8347,ע
8348,מ
8349,י
8350,ד
8351,א
8352,ו
8353,ת
8354,ו
8355,ב
8356,ע
8357,מ
8358,ד
8359,ה
8360,ש
8361,ב
8362,ה
8363,ה
8364,ו
8365,א
8366,י
8367,כ
8368,ו
8369,ל
8370,ל
8371,ק
8372,ל
8373,ו
8374,ע
8375,ס
8376,ל
8377,מ
8378,ס
8379,י
8380,ר
8381,ה
8382,ל
8383,מ
8384,צ
8385,ב
8386,ק
8387,ל
8388,י
8389,ע
8390,ה
8391,ח
8392,ו
8393,פ
8394,ש
8395,י
8396,ל
8397,ל
8398,א
8399,ש
8400,ו
8401,מ
8402,ר
8403,ל
8404,נ
8405,ק
8406,ו
8407,ד
8408,ו
8409,ת
8410,ת
8411,ח
8412,ש
8413,ב
8414,ג
8415,ם
8416,כ
8417,א
8418,ס
8419,י
8420,ס
8421,ט
8422,א
8423,ם
8424,ה
8425,ש
8426,ח
8427,ק
8428,ן
8429,א
8430,כ
8431,ן
8432,י
8433,ק
8434,ל
8435,ע
8436,א
8437,ת
8438,ה
8439,ס
8440,ל
8441,ה
8442,ש
8443,ח
8444,ק
8445,נ
8446,י
8447,ם
8448,ה
8449,מ
8450,ו
8451,ב
8452,י
8453,ל
8454,י
8455,ם
8456,ב
8457,ק
8458,ט
8459,ג
8460,ו
8461,ר
8462,י
8463,ה
8464,ז
8465,ו
8466,ה
8467,ם
8468,ב
8469,ד
8470,ר
8471,ך
8472,כ
8473,ל
8474,ל
8475,ה
8476,ר
8477,כ
8478,ז
8479,י
8480,ם
8481,ש
8482,ה
8483,ת
8484,פ
8485,ק
8486,י
8487,ד
8488,ד
8489,ו
8490,ר
8491,ש
8492,מ
8493,ה
8494,ם
8495,ר
8496,א
8497,י
8498,י
8499,ת
8500,מ
8501,ש
8502,ח
8503,ק
8504,ש
8505,ל
8506,י
8507,ט
8508,ה
8509,ט
8510,ו
8511,ב
8512,ה
8513,ב
8514,כ
8515,ד
8516,ו
8517,ר
8518,ו
8519,י
8520,כ
8521,ו
8522,ל
8523,ת
8524,מ
8525,ס
8526,י
8527,ר
8528,ה
8529,ט
8530,ו
8531,ב
8532,ה
8533,א
8534,ס
8535,י
8536,ס
8537,ט
8538,מ
8539,ק
8540,ב
8541,י
8542,ל
8543,ל
8544,ב
8545,י
8546,ש
8547,ו
8548,ל
8549,ב
8550,כ
8551,ד
8552,ו
8553,ר
8554,ג
8555,ל
8556,ח
8557,ט
8558,י
8559,פ
8560,ה
8561,ע
8562,ר
8563,ך
8564,מ
8565,ו
8566,ר
8567,ח
8568,ב
8569,ח
8570,ט
8571,י
8572,פ
8573,ה
8574,כ
8575,ד
8576,ו
8577,ר
8578,ס
8579,ל
8580,ז
8581,ה
8582,ו
8583,מ
8584,ה
8585,ל
8586,ך
8587,ה
8588,מ
8589,ת
8590,ב
8591,צ
8592,ע
8593,כ
8594,א
8595,ש
8596,ר
8597,ש
8598,ח
8599,ק
8600,ן
8601,ה
8602,ה
8603,ג
8604,נ
8605,ה
8606,ח
8607,ו
8608,ט
8609,ף
8610,א
8611,ת
8612,ה
8613,כ
8614,ד
8615,ו
8616,ר
8617,מ
8618,ה
8619,ש
8620,ח
8621,ק
8622,ן
8623,ה
8624,י
8625,ר
8626,י
8627,ב
8628,ל
8629,ע
8630,י
8631,ת
8632,י
8633,ם
8634,ק
8635,ר
8636,ו
8637,ב
8638,ו
8639,ת
8640,מ
8641,א
8642,ו
8643,ד
8644,ח
8645,ט
8646,י
8647,פ
8648,ה
8649,מ
8650,ה
8651,ו
8652,ו
8653,ה
8654,ה
8655,ז
8656,ד
8657,מ
8658,נ
8659,ו
8660,ת
8661,ל
8662,ה
8663,ת
8664,ק
8665,פ
8666,ה
8667,מ
8668,ת
8669,פ
8670,ר
8671,צ
8672,ת
8673,ב
8674,צ
8675,ד
8676,ה
8677,ש
8678,נ
8679,י
8680,ו
8681,ל
8682,נ
8683,ק
8684,ו
8685,ד
8686,ו
8687,ת
8688,ק
8689,ל
8690,ו
8691,ת
8692,ה
8693,ש
8694,ח
8695,ק
8696,ן
8697,ב
8698,ע
8699,ל
8700,מ
8701,ס
8702,פ
8703,ר
8704,ה
8705,ח
8706,ט
8707,י
8708,פ
8709,ו
8710,ת
8711,ה
8712,ר
8713,ב
8714,ב
8715,י
8716,ו
8717,ת
8718,ר
8719,ב
8720,ה
8721,י
8722,ס
8723,ט
8724,ו
8725,ר
8726,י
8727,ה
8728,ש
8729,ל
8730,ה
8731,ה
8732,ו
8733,א
8734,ג
8735,ו
8736,ן
8737,ס
8738,ט
8739,ו
8740,ק
8741,ט
8742,ו
8743,ן
8744,ע
8745,ם
8746,ח
8747,ט
8748,י
8749,פ
8750,ו
8751,ת
8752,ב
8753,ק
8754,ר
8755,י
8756,י
8757,ר
8758,ה
8759,א
8760,ח
8761,ר
8762,י
8763,ו
8764,מ
8765,ג
8766,י
8767,ע
8768,ג
8769,י
8770,י
8771,ס
8772,ו
8773,ן
8774,ק
8775,י
8776,ד
8777,ו
8778,ש
8779,ל
8780,י
8781,ש
8782,י
8783,מ
8784,י
8785,י
8786,ק
8787,ל
8788,ג
8789,ו
8790,ר
8791,ד
8792,ן
8793,ל
8794,א
8795,ר
8796,י
8797,ק
8798,י
8799,נ
8800,ו
8801,ן
8802,ו
8803,ק
8804,נ
8805,ד
8806,ל
8807,ג
8808,י
8809,ל
8810,מ
8811,ח
8812,ז
8813,י
8814,ק
8815,י
8816,ם
8817,ב
8818,מ
8819,ש
8820,ו
8821,ת
8822,ף
8823,ב
8824,ש
8825,י
8826,א
8827,ה
8828,ח
8829,ט
8830,י
8831,פ
8832,ו
8833,ת
8834,ב
8835,מ
8836,ש
8837,ח
8838,ק
8839,ב
8840,ו
8841,ד
8842,ד
8843,ב
8844,מ
8845,ס
8846,פ
8847,ר
8848,א
8849,ל
8850,ו
8851,ו
8852,י
8853,ן
8854,ר
8855,ו
8856,ב
8857,ר
8858,ט
8859,ס
8860,ו
8861,ן
8862,א
8863,ו
8864,ח
8865,ז
8866,ב
8867,מ
8868,מ
8869,ו
8870,צ
8871,ע
8872,ה
8873,ג
8874,ב
8875,ו
8876,ה
8877,ב
8878,י
8879,ו
8880,ת
8881,ר
8882,ש
8883,ל
8884,ח
8885,ט
8886,י
8887,פ
8888,ו
8889,ת
8890,ל
8891,מ
8892,ש
8893,ח
8894,ק
8895,ב
8896,מ
8897,ש
8898,ך
8899,כ
8900,ל
8901,ה
8902,ק
8903,ר
8904,י
8905,י
8906,ר
8907,ה
8908,כ
8909,מ
8910,ו
8911,ג
8912,ם
8913,ב
8914,ש
8915,י
8916,א
8917,מ
8918,ס
8919,פ
8920,ר
8921,ח
8922,ט
8923,י
8924,פ
8925,ו
8926,ת
8927,ל
8928,ע
8929,ו
8930,נ
8931,ה
8932,ב
8933,ו
8934,ד
8935,ד
8936,ת
8937,ח
8938,ט
8939,י
8940,פ
8941,ו
8942,ת
8943,ב
8944,ע
8945,ו
8946,נ
8947,ה
8948,ח
8949,ס
8950,י
8951,מ
8952,ה
8953,ע
8954,ר
8955,ך
8956,מ
8957,ו
8958,ר
8959,ח
8960,ב
8961,ח
8962,ס
8963,י
8964,מ
8965,ה
8966,כ
8967,ד
8968,ו
8969,ר
8970,ס
8971,ל
8972,כ
8973,ד
8974,ו
8975,ר
8976,ס
8977,ל
8978,נ
8979,י
8980,ת
8981,ח
8982,ו
8983,ס
8984,מ
8985,ת
8986,ז
8987,ר
8988,י
8989,ק
8990,ה
8991,ח
8992,ס
8993,י
8994,מ
8995,ה
8996,א
8997,ו
8998,ב
8999,ל
9000,ו
9001,ק
9002,ה
9003,י
9004,א
9005,מ
9006,ה
9007,ל
9008,ך
9009,ה
9010,מ
9011,ב
9012,ו
9013,צ
9014,ע
9015,כ
9016,א
9017,ש
9018,ר
9019,ה
9020,י
9021,ר
9022,י
9023,ב
9024,ז
9025,ו
9026,ר
9027,ק
9028,ל
9029,ס
9030,ל
9031,ו
9032,ש
9033,ח
9034,ק
9035,ן
9036,א
9037,ח
9038,ר
9039,ח
9040,ו
9041,ס
9042,ם
9043,א
9044,ת
9045,ה
9046,כ
9047,ד
9048,ו
9049,ר
9050,ו
9051,מ
9052,ס
9053,י
9054,ט
9055,א
9056,ו
9057,ת
9058,ו
9059,מ
9060,מ
9061,ס
9062,ל
9063,ו
9064,ל
9065,ו
9066,א
9067,ת
9068,ה
9069,ח
9070,ס
9071,י
9072,מ
9073,ה
9074,א
9075,ס
9076,ו
9077,ר
9078,ל
9079,ב
9080,צ
9081,ע
9082,מ
9083,ה
9084,ר
9085,ג
9086,ע
9087,ש
9088,ה
9089,כ
9090,ד
9091,ו
9092,ר
9093,ע
9094,ב
9095,ר
9096,א
9097,ת
9098,ש
9099,י
9100,א
9101,ה
9102,ג
9103,ו
9104,ב
9105,ה
9106,ו
9107,ה
9108,ו
9109,א
9110,מ
9111,ת
9112,ח
9113,י
9114,ל
9115,ל
9116,ר
9117,ד
9118,ת
9119,ה
9120,ז
9121,ר
9122,י
9123,ק
9124,ה
9125,ל
9126,ס
9127,ל
9128,ה
9129,י
9130,א
9131,ב
9132,ד
9133,ר
9134,ך
9135,כ
9136,ל
9137,ל
9138,ק
9139,ש
9140,ת
9141,י
9142,ת
9143,ל
9144,ש
9145,ח
9146,ק
9147,ן
9148,ה
9149,ח
9150,ו
9151,ס
9152,ם
9153,א
9154,ס
9155,ו
9156,ר
9157,ל
9158,ג
9159,ע
9160,ת
9161,ב
9162,י
9163,ד
9164,ו
9165,ב
9166,ק
9167,ר
9168,ש
9169,ה
9170,ס
9171,ל
9172,ב
9173,ש
9174,ו
9175,ם
9176,א
9177,ו
9178,פ
9179,ן
9180,א
9181,ם
9182,ה
9183,ו
9184,א
9185,ע
9186,ו
9187,ש
9188,ה
9189,ז
9190,א
9191,ת
9192,ה
9193,ז
9194,ר
9195,י
9196,ק
9197,ה
9198,ת
9199,ח
9200,ש
9201,ב
9202,ל
9203,ס
9204,ל
9205,ב
9206,י
9207,ן
9208,ה
9209,ח
9210,ו
9211,ס
9212,מ
9213,י
9214,ם
9215,ה
9216,י
9217,ד
9218,ו
9219,ע
9220,י
9221,ם
9222,ב
9223,י
9224,ו
9225,ת
9226,ר
9227,ה
9228,ם
9229,ה
9230,א
9231,ק
9232,י
9233,ם
9234,א
9235,ו
9236,ל
9237,ג
9238,ו
9239,א
9240,ן
9241,ד
9242,י
9243,ק
9244,מ
9245,ב
9246,ה
9247,מ
9248,ו
9249,ט
9250,ו
9251,מ
9252,ב
9253,ו
9254,כ
9255,ר
9256,י
9257,ם
9258,ע
9259,ב
9260,ד
9261,ו
9262,ל
9263,ג
9264,ב
9265,א
9266,ר
9267,ו
9268,א
9269,ל
9270,ו
9271,נ
9272,ז
9273,ו
9274,מ
9275,ו
9276,ר
9277,נ
9278,י
9279,נ
9280,ג
9281,ל
9282,י
9283,ג
9284,ו
9285,ת
9286,ת
9287,ח
9288,ר
9289,ו
9290,י
9291,ו
9292,ת
9293,ו
9294,א
9295,ג
9296,ו
9297,ד
9298,ו
9299,ת
9300,ל
9301,י
9302,ג
9303,ת
9304,ה
9305,כ
9306,ד
9307,ו
9308,ר
9309,ס
9310,ל
9311,ה
9312,נ
9313,ח
9314,ש
9315,ב
9316,ת
9317,ל
9318,ט
9319,ו
9320,ב
9321,ה
9322,ב
9323,ע
9324,ו
9325,ל
9326,ם
9327,ה
9328,י
9329,א
9330,ל
9331,י
9332,ג
9333,ת
9334,ה
9335,ב
9336,א
9337,ר
9338,צ
9339,ו
9340,ת
9341,ה
9342,ב
9343,ר
9344,י
9345,ת
9346,ש
9347,ם
9348,ה
9349,מ
9350,ש
9351,ח
9352,ק
9353,ש
9354,ו
9355,נ
9356,ה
9357,ב
9358,מ
9359,ק
9360,צ
9361,ת
9362,מ
9363,א
9364,י
9365,ר
9366,ו
9367,פ
9368,ה
9369,ה
9370,ן
9371,ב
9372,ח
9373,ו
9374,ק
9375,י
9376,ו
9377,ו
9378,ה
9379,ן
9380,ב
9381,ס
9382,ג
9383,נ
9384,ו
9385,ן
9386,ה
9387,מ
9388,ש
9389,ח
9390,ק
9391,ה
9392,נ
9393,ה
9394,ו
9395,ג
9396,ב
9397,ו
9398,ג
9399,ם
9400,ל
9401,י
9402,ג
9403,ת
9404,ה
9405,מ
9406,כ
9407,ל
9408,ל
9409,ו
9410,ת
9411,ב
9412,א
9413,ר
9414,צ
9415,ו
9416,ת
9417,ה
9418,ב
9419,ר
9420,י
9421,ת
9422,ה
9423,י
9424,א
9425,ל
9426,י
9427,ג
9428,ה
9429,פ
9430,ו
9431,פ
9432,ו
9433,ל
9434,ר
9435,י
9436,ת
9437,ו
9438,מ
9439,צ
9440,ל
9441,י
9442,ח
9443,ה
9444,ה
9445,מ
9446,ש
9447,ח
9448,ק
9449,פ
9450,ו
9451,פ
9452,ו
9453,ל
9454,ר
9455,י
9456,מ
9457,א
9458,ו
9459,ד
9460,ג
9461,ם
9462,ב
9463,ב
9464,ת
9465,י
9466,ס
9467,פ
9468,ר
9469,ת
9470,י
9471,כ
9472,ו
9473,נ
9474,י
9475,י
9476,ם
9477,ב
9478,א
9479,ר
9480,צ
9481,ו
9482,ת
9483,ה
9484,ב
9485,ר
9486,י
9487,ת
9488,ב
9489,א
9490,י
9491,ר
9492,ו
9493,פ
9494,ה
9495,ק
9496,י
9497,י
9498,מ
9499,ו
9500,ת
9501,ל
9502,י
9503,ג
9504,ו
9505,ת
9506,מ
9507,ק
9508,ו
9509,מ
9510,י
9511,ו
9512,ת
9513,ב
9514,כ
9515,ל
9516,מ
9517,ד
9518,י
9519,נ
9520,ה
9521,ו
9522,ב
9523,נ
9524,ו
9525,ס
9526,ף
9527,מ
9528,ש
9529,ו
9530,ח
9531,ק
9532,ט
9533,ו
9534,ר
9535,נ
9536,י
9537,ר
9538,ה
9539,י
9540,ו
9541,ר
9542,ו
9543,ל
9544,י
9545,ג
9546,ב
9547,ה
9548,ש
9549,ת
9550,ת
9551,פ
9552,ו
9553,ת
9554,מ
9555,י
9556,ט
9557,ב
9558,ה
9559,ק
9560,ב
9561,ו
9562,צ
9563,ו
9564,ת
9565,ב
9566,א
9567,י
9568,ר
9569,ו
9570,פ
9571,ה
9572,ט
9573,ו
9574,ר
9575,נ
9576,י
9577,ר
9578,ז
9579,ה
9580,נ
9581,ח
9582,ש
9583,ב
9584,ל
9585,י
9586,ו
9587,ק
9588,ר
9589,ת
9590,י
9591,ו
9592,ה
9593,ח
9594,ש
9595,ו
9596,ב
9597,ב
9598,י
9599,ו
9600,ת
9601,ר
9602,ב
9603,א
9604,י
9605,ר
9606,ו
9607,פ
9608,ה
9609,י
9610,ש
9611,נ
9612,ם
9613,ג
9614,ם
9615,ט
9616,ו
9617,ר
9618,נ
9619,י
9620,ר
9621,י
9622,ם
9623,נ
9624,ו
9625,ס
9626,פ
9627,י
9628,ם
9629,ב
9630,ע
9631,ל
9632,י
9633,ח
9634,ש
9635,י
9636,ב
9637,ו
9638,ת
9639,פ
9640,ח
9641,ו
9642,ת
9643,ה
9644,כ
9645,ג
9646,ו
9647,ן
9648,י
9649,ו
9650,ר
9651,ו
9652,ק
9653,א
9654,פ
9655,ל
9656,י
9657,ג
9658,ת
9659,ה
9660,א
9661,ל
9662,ו
9663,פ
9664,ו
9665,ת
9666,ב
9667,כ
9668,ד
9669,ו
9670,ר
9671,ס
9672,ל
9673,י
9674,ו
9675,ר
9676,ו
9677,פ
9678,ק
9679,א
9680,פ
9681,ו
9682,ה
9683,ל
9684,י
9685,ג
9686,ה
9687,ה
9688,א
9689,ד
9690,ר
9691,י
9692,א
9693,ט
9694,י
9695,ת
9696,ה
9697,ג
9698,ו
9699,ף
9700,ה
9701,מ
9702,נ
9703,ה
9704,ל
9705,א
9706,ת
9707,ה
9708,כ
9709,ד
9710,ו
9711,ר
9712,ס
9713,ל
9714,ב
9715,ר
9716,ח
9717,ב
9718,י
9719,ה
9720,ע
9721,ו
9722,ל
9723,ם
9724,ה
9725,ו
9726,א
9727,פ
9728,י
9729,ב
9730,א
9731,ת
9732,ח
9733,ת
9734,י
9735,ו
9736,פ
9737,ו
9738,ע
9739,ל
9740,י
9741,ם
9742,ג
9743,ו
9744,פ
9745,י
9746,ם
9747,א
9748,ז
9749,ו
9750,ר
9751,י
9752,י
9753,ם
9754,ה
9755,מ
9756,ס
9757,ו
9758,ע
9759,פ
9760,י
9761,ם
9762,ל
9763,ו
9764,ו
9765,א
9766,ח
9767,ר
9768,א
9769,י
9770,ם
9771,ע
9772,ל
9773,ה
9774,י
9775,ב
9776,ש
9777,ת
9778,ש
9779,ל
9780,ה
9781,ם
9782,פ
9783,י
9784,ב
9785,א
9786,א
9787,י
9788,ר
9789,ו
9790,פ
9791,ה
9792,פ
9793,י
9794,ב
9795,א
9796,א
9797,מ
9798,ר
9799,י
9800,ק
9801,ה
9802,פ
9803,י
9804,ב
9805,א
9806,א
9807,פ
9808,ר
9809,י
9810,ק
9811,ה
9812,פ
9813,י
9814,ב
9815,א
9816,א
9817,ס
9818,י
9819,ה
9820,ו
9821,פ
9822,י
9823,ב
9824,א
9825,א
9826,ו
9827,ק
9828,י
9829,א
9830,נ
9831,י
9832,ה
9833,מ
9834,ש
9835,ח
9836,ק
9837,י
9838,כ
9839,ד
9840,ו
9841,ר
9842,ס
9843,ל
9844,ב
9845,י
9846,נ
9847,ל
9848,א
9849,ו
9850,מ
9851,י
9852,י
9853,ם
9854,מ
9855,ת
9856,ק
9857,י
9858,י
9859,מ
9860,י
9861,ם
9862,ג
9863,ם
9864,ב
9865,מ
9866,ס
9867,ג
9868,ר
9869,ת
9870,נ
9871,ב
9872,ח
9873,ר
9874,ו
9875,ת
9876,ל
9877,א
9878,ו
9879,מ
9880,י
9881,ו
9882,ת
9883,כ
9884,ג
9885,ו
9886,ן
9887,ה
9888,ט
9889,ו
9890,ר
9891,נ
9892,י
9893,ר
9894,ה
9895,א
9896,ו
9897,ל
9898,י
9899,מ
9900,פ
9901,י
9902,ג
9903,ב
9904,י
9905,ע
9906,ה
9907,ע
9908,ו
9909,ל
9910,ם
9911,ב
9912,כ
9913,ד
9914,ו
9915,ר
9916,ס
9917,ל
9918,ו
9919,א
9920,ל
9921,י
9922,פ
9923,ו
9924,ת
9925,א
9926,י
9927,ר
9928,ו
9929,פ
9930,ה
9931,ב
9932,כ
9933,ד
9934,ו
9935,ר
9936,ס
9937,ל
9938,כ
9939,ד
9940,ו
9941,ר
9942,ס
9943,ל
9944,ב
9945,י
9946,ש
9947,ר
9948,א
9949,ל
9950,ע
9951,ר
9952,ך
9953,מ
9954,ו
9955,ר
9956,ח
9957,ב
9958,כ
9959,ד
9960,ו
9961,ר
9962,ס
9963,ל
9964,ב
9965,י
9966,ש
9967,ר
9968,א
9969,ל
9970,ה
9971,כ
9972,ד
9973,ו
9974,ר
9975,ס
9976,ל
9977,ה
9978,י
9979,ש
9980,ר
9981,א
9982,ל
9983,י
9984,מ
9985,נ
9986,ו
9987,ה
9988,ל
9989,ע
9990,ל
9991,י
9992,ד
9993,י
9994,א
9995,י
9996,ג
9997,ו
9998,ד
9999,ה
10000,כ
10001,ד
10002,ו
10003,ר
10004,ס
10005,ל
10006,ב
10007,י
10008,ש
10009,ר
10010,א
10011,ל
10012,ה
10013,מ
10014,ו
10015,נ
10016,ה
10017,ל
10018,י
10019,ג
10020,ו
10021,ת
10022,ש
10023,ו
10024,נ
10025,ו
10026,ת
10027,ו
10028,מ
10029,ע
10030,ל
10031,כ
10032,ק
10033,ב
10034,ו
10035,צ
10036,ו
10037,ת
10038,ב
10039,ת
10040,ו
10041,כ
10042,ן
10043,ר
10044,ש
10045,ו
10046,מ
10047,י
10048,ם
10049,מ
10050,ע
10051,ל
10052,כ
10053,ש
10054,ח
10055,ק
10056,נ
10057,י
10058,ם
10059,פ
10060,ע
10061,י
10062,ל
10063,י
10064,ם
10065,ה
10066,כ
10067,ד
10068,ו
10069,ר
10070,ס
10071,ל
10072,ה
10073,י
10074,ש
10075,ר
10076,א
10077,ל
10078,י
10079,כ
10080,ו
10081,ל
10082,ל
10083,ל
10084,י
10085,ג
10086,ו
10087,ת
10088,י
10089,ל
10090,ד
10091,י
10092,ם
10093,נ
10094,ו
10095,ע
10096,ר
10097,ו
10098,מ
10099,ב
10100,ו
10101,ג
10102,ר
10103,י
10104,ם
10105,ל
10106,נ
10107,ש
10108,י
10109,ם
10110,ו
10111,ל
10112,ג
10113,ב
10114,ר
10115,י
10116,ם
10117,כ
10118,ש
10119,ה
10120,ל
10121,י
10122,ג
10123,ו
10124,ת
10125,ה
10126,ח
10127,ש
10128,ו
10129,ב
10130,ו
10131,ת
10132,ב
10133,י
10134,ו
10135,ת
10136,ר
10137,ה
10138,ן
10139,ל
10140,י
10141,ג
10142,ת
10143,ה
10144,ע
10145,ל
10146,ל
10147,ג
10148,ב
10149,ר
10150,י
10151,ם
10152,ו
10153,ל
10154,י
10155,ג
10156,ת
10157,ה
10158,ע
10159,ל
10160,ל
10161,נ
10162,ש
10163,י
10164,ם
10165,ל
10166,י
10167,ג
10168,ת
10169,ה
10170,ע
10171,ל
10172,ל
10173,ג
10174,ב
10175,ר
10176,י
10177,ם
10178,ו
10179,ל
10180,נ
10181,ש
10182,י
10183,ם
10184,מ
10185,נ
10186,ו
10187,ה
10188,ל
10189,ת
10190,ע
10191,ל
10192,י
10193,ד
10194,י
10195,א
10196,ר
10197,ג
10198,ו
10199,ן
10200,ה
10201,נ
10202,ק
10203,ר
10204,א
10205,מ
10206,נ
10207,ה
10208,ל
10209,ת
10210,ל
10211,י
10212,ג
10213,ת
10214,ה
10215,ע
10216,ל
10217,ה
10218,כ
10219,ד
10220,ו
10221,ר
10222,ס
10223,ל
10224,ה
10225,י
10226,ש
10227,ר
10228,א
10229,ל
10230,י
10231,מ
10232,י
10233,ו
10234,צ
10235,ג
10236,ע
10237,ל
10238,י
10239,ד
10240,י
10241,נ
10242,ב
10243,ח
10244,ר
10245,ו
10246,ת
10247,י
10248,ש
10249,ר
10250,א
10251,ל
10252,ב
10253,ר
10254,מ
10255,ו
10256,ת
10257,ה
10258,ג
10259,י
10260,ל
10261,א
10262,י
10263,ם
10264,ה
10265,ש
10266,ו
10267,נ
10268,ו
10269,ת
10270,ה
10271,ח
10272,ל
10273,מ
10274,י
10275,ל
10276,ד
10277,י
10278,ם
10279,ו
10280,נ
10281,ו
10282,ע
10283,ר
10284,ו
10285,ע
10286,ד
10287,ל
10288,נ
10289,ב
10290,ח
10291,ר
10292,ו
10293,ת
10294,ה
10295,ב
10296,ו
10297,ג
10298,ר
10299,ו
10300,ת
10301,ל
10302,ג
10303,ב
10304,ר
10305,י
10306,ם
10307,ו
10308,ל
10309,נ
10310,ש
10311,י
10312,ם
10313,ה
10314,ה
10315,י
10316,ש
10317,ג
10318,ה
10319,ג
10320,ד
10321,ו
10322,ל
10323,ב
10324,י
10325,ו
10326,ת
10327,ר
10328,ש
10329,ל
10330,נ
10331,ב
10332,ח
10333,ר
10334,ת
10335,ה
10336,ג
10337,ב
10338,ר
10339,י
10340,ם
10341,ש
10342,ל
10343,י
10344,ש
10345,ר
10346,א
10347,ל
10348,ה
10349,ו
10350,א
10351,מ
10352,ק
10353,ו
10354,ם
10355,ש
10356,נ
10357,י
10358,ב
10359,א
10360,ל
10361,י
10362,פ
10363,ו
10364,ת
10365,א
10366,י
10367,ר
10368,ו
10369,פ
10370,ה
10371,ק
10372,ב
10373,ו
10374,צ
10375,ת
10376,מ
10377,כ
10378,ב
10379,י
10380,ת
10381,ל
10382,א
10383,ב
10384,י
10385,ב
10386,מ
10387,ח
10388,ז
10389,י
10390,ק
10391,ה
10392,ב
10393,מ
10394,ר
10395,ב
10396,י
10397,ת
10398,א
10399,ל
10400,י
10401,פ
10402,ו
10403,י
10404,ו
10405,ת
10406,ה
10407,ל
10408,י
10409,ג
10410,ה
10411,ו
10412,ג
10413,ב
10414,י
10415,ע
10416,י
10417,ה
10418,מ
10419,ד
10420,י
10421,נ
10422,ה
10423,ו
10424,א
10425,ף
10426,ז
10427,כ
10428,ת
10429,ה
10430,פ
10431,ע
10432,מ
10433,י
10434,ם
10435,ב
10436,א
10437,ל
10438,י
10439,פ
10440,ו
10441,ת
10442,א
10443,י
10444,ר
10445,ו
10446,פ
10447,ה
10448,ו
10449,פ
10450,ע
10451,ם
10452,א
10453,ח
10454,ת
10455,ב
10456,ג
10457,ב
10458,י
10459,ע
10460,ה
10461,ב
10462,י
10463,ן
10464,י
10465,ב
10466,ש
10467,ת
10468,י
10469,ר
10470,א
10471,ו
10472,ג
10473,ם
10474,ט
10475,ק
10476,ט
10477,י
10478,ק
10479,ה
10480,ב
10481,כ
10482,ד
10483,ו
10484,ר
10485,ס
10486,ל
10487,מ
10488,ש
10489,ח
10490,ק
10491,י
10492,ם
10493,מ
10494,ב
10495,ו
10496,ס
10497,ס
10498,י
10499,כ
10500,ד
10501,ו
10502,ר
10503,ס
10504,ל
10505,ק
10506,י
10507,ש
10508,ו
10509,ר
10510,י
10511,ם
10512,ח
10513,י
10514,צ
10515,ו
10516,נ
10517,י
10518,י
10519,ם
10520,מ
10521,י
10522,ז
10523,מ
10524,י
10525,ק
10526,ר
10527,ן
10528,ו
10529,י
10530,ק
10531,י
10532,מ
10533,ד
10534,י
10535,ה
10536,ו
10537,י
10538,ק
10539,י
10540,מ
10541,י
10542,ל
10543,ו
10544,ן
10545,ע
10546,ר
10547,ך
10548,מ
10549,י
10550,ל
10551,ו
10552,נ
10553,י
10554,ב
10555,ו
10556,ו
10557,י
10558,ק
10559,י
10560,מ
10561,י
10562,ל
10563,ו
10564,ן
10565,כ
10566,ד
10567,ו
10568,ר
10569,ס
10570,ל
10571,ו
10572,י
10573,ק
10574,י
10575,מ
10576,י
10577,ל
10578,ו
10579,ן
10580,ע
10581,ר
10582,ך
10583,מ
10584,י
10585,ל
10586,ו
10587,נ
10588,י
10589,ב
10590,ו
10591,ו
10592,י
10593,ק
10594,י
10595,מ
10596,י
10597,ל
10598,ו
10599,ן
10600,ר
10601,כ
10602,ז
10603,ו
10604,י
10605,ק
10606,י
10607,צ
10608,י
10609,ט
10610,ו
10611,ט
10612,צ
10613,י
10614,ט
10615,ו
10616,ט
10617,י
10618,ם
10619,ב
10620,ו
10621,ו
10622,י
10623,ק
10624,י
10625,צ
10626,י
10627,ט
10628,ו
10629,ט
10630,כ
10631,ד
10632,ו
10633,ר
10634,ס
10635,ל
10636,ו
10637,י
10638,ק
10639,י
10640,ס
10641,פ
10642,ר
10643,ס
10644,פ
10645,ר
10646,ל
10647,י
10648,מ
10649,ו
10650,ד
10651,ב
10652,ו
10653,ו
10654,י
10655,ק
10656,י
10657,ס
10658,פ
10659,ר
10660,כ
10661,ד
10662,ו
10663,ר
10664,ס
10665,ל
10666,ו
10667,י
10668,ק
10669,י
10670,ש
10671,י
10672,ת
10673,ו
10674,ף
10675,ת
10676,מ
10677,ו
10678,נ
10679,ו
10680,ת
10681,ו
10682,מ
10683,ד
10684,י
10685,ה
10686,ב
10687,ו
10688,ו
10689,י
10690,ק
10691,י
10692,ש
10693,י
10694,ת
10695,ו
10696,ף
10697,כ
10698,ד
10699,ו
10700,ר
10701,ס
10702,ל
10703,כ
10704,ד
10705,ו
10706,ר
10707,ס
10708,ל
10709,ב
10710,א
10711,ת
10712,ר
10713,א
10714,נ
10715,צ
10716,י
10717,ק
10718,ל
10719,ו
10720,פ
10721,ד
10722,י
10723,ה
10724,ב
10725,ר
10726,י
10727,ט
10728,נ
10729,י
10730,ק
10731,ה
10732,ב
10733,א
10734,נ
10735,ג
10736,ל
10737,י
10738,ת
10739,א
10740,י
10741,ג
10742,ו
10743,ד
10744,ה
10745,כ
10746,ד
10747,ו
10748,ר
10749,ס
10750,ל
10751,ב
10752,י
10753,ש
10754,ר
10755,א
10756,ל
10757,י
10758,ו
10759,ר
10760,ו
10761,ל
10762,י
10763,ג
10764,א
10765,ת
10766,ר
10767,ה
10768,ו
10769,פ
10770,ס
10771,מ
10772,א
10773,נ
10774,ג
10775,ל
10776,י
10777,ת
10778,ט
10779,ב
10780,ע
10781,ו
10782,ת
10783,ש
10784,ל
10785,מ
10786,נ
10787,ח
10788,ם
10789,ל
10790,ס
10791,ה
10792,י
10793,כ
10794,ל
10795,ה
10796,ת
10797,ה
10798,י
10799,ל
10800,ה
10801,ב
10802,א
10803,ת
10804,ר
10805,צ
10806,ו
10807,ו
10808,ת
10809,ח
10810,ו
10811,ק
10812,ר
10813,י
10814,ם
10815,מ
10816,א
10817,ו
10818,נ
10819,י
10820,ב
10821,ר
10822,ס
10823,י
10824,ט
10825,ת
10826,ב
10827,ן
10828,ג
10829,ו
10830,ר
10831,י
10832,ו
10833,ן
10834,ב
10835,י
10836,ק
10837,ש
10838,ל
10839,ב
10840,ד
10841,ו
10842,ק
10843,ה
10844,א
10845,ם
10846,מ
10847,ש
10848,ת
10849,ל
10850,ם
10851,ל
10852,ב
10853,י
10854,י
10855,ם
10856,ע
10857,ב
10858,י
10859,ר
10860,ו
10861,ת
10862,ת
10863,ו
10864,ק
10865,ף
10866,ב
10867,כ
10868,ד
10869,ו
10870,ר
10871,ס
10872,ל
10873,ב
10874,א
10875,ו
10876,ק
10877,ט
10878,ו
10879,ב
10880,ר
10881,א
10882,ת
10883,ר
10884,ל
10885,מ
10886,נ
10887,ו
10888,י
10889,י
10890,ם
10891,ב
10892,ל
10893,ב
10894,ד
10895,א
10896,ל
10897,ע
10898,ד
10899,ז
10900,א
10901,ב
10902,י
10903,ג
10904,ב
10905,י
10906,ר
10907,ו
10908,ת
10909,י
10910,י
10911,ו
10912,ר
10913,ב
10914,ו
10915,ת
10916,י
10917,ה
10918,ר
10919,ש
10920,ו
10921,ל
10922,י
10923,ל
10924,ה
10925,צ
10926,י
10927,ג
10928,כ
10929,ד
10930,ו
10931,ר
10932,ס
10933,ל
10934,ב
10935,א
10936,ת
10937,ר
10938,ה
10939,א
10940,ר
10941,ץ
10942,ב
10943,י
10944,נ
10945,ו
10946,א
10947,ר
10948,ה
10949,פ
10950,ס
10951,י
10952,כ
10953,ו
10954,ל
10955,ו
10956,ג
10957,י
10958,ה
10959,ש
10960,ל
10961,ק
10962,ל
10963,י
10964,ע
10965,ו
10966,ת
10967,ע
10968,ו
10969,נ
10970,ש
10971,י
10972,ן
10973,ב
10974,א
10975,ת
10976,ר
10977,פ
10978,ס
10979,י
10980,כ
10981,ו
10982,ל
10983,ו
10984,ג
10985,י
10986,י
10987,ת
10988,ס
10989,פ
10990,ו
10991,ר
10992,ט
10993,א
10994,ב
10995,י
10996,ע
10997,ו
10998,ר
10999,י
11000,ר
11001,ו
11002,פ
11003,א
11004,י
11005,ם
11006,ס
11007,פ
11008,ו
11009,ר
11010,ט
11011,י
11012,ב
11013,י
11014,י
11015,ם
11016,ב
11017,א
11018,ת
11019,ר
11020,ה
11021,א
11022,ר
11023,ץ
11024,ב
11025,פ
11026,ב
11027,ר
11028,ו
11029,א
11030,ר
11031,מ
11032,כ
11033,ת
11034,ב
11035,ל
11036,מ
11037,ע
11038,ר
11039,כ
11040,ת
11041,צ
11042,י
11043,פ
11044,י
11045,ש
11046,מ
11047,י
11048,ל
11049,ו
11050,ב
11051,י
11052,ץ
11053,מ
11054,י
11055,ן
11056,כ
11057,ד
11058,ו
11059,ר
11060,ש
11061,כ
11062,ז
11063,ה
11064,ש
11065,ע
11066,ו
11067,ש
11068,ה
11069,ר
11070,ק
11071,ט
11072,ו
11073,ב
11074,ב
11075,א
11076,ת
11077,ר
11078,כ
11079,ל
11080,כ
11081,ל
11082,י
11083,ס
11084,ט
11085,ב
11086,א
11087,פ
11088,ר
11089,י
11090,ל
11091,כ
11092,ד
11093,ו
11094,ר
11095,ס
11096,ל
11097,ד
11098,ף
11099,ש
11100,ע
11101,ר
11102,ב
11103,ס
11104,פ
11105,ר
11106,י
11107,י
11108,ה
11109,ה
11110,ל
11111,א
11112,ו
11113,מ
11114,י
11115,ת
11116,ה
11117,ע
11118,ר
11119,ו
11120,ת
11121,ש
11122,ו
11123,ל
11124,י
11125,י
11126,ם
11127,ב
11128,א
11129,ת
11130,ר
11131,פ
11132,י
11133,ב
11134,א
11135,ס
11136,פ
11137,ו
11138,ר
11139,ט
11140,ה
11141,י
11142,ס
11143,ט
11144,ו
11145,ר
11146,י
11147,ה
11148,צ
11149,פ
11150,ו
11151,ב
11152,ס
11153,ל
11154,ה
11155,ר
11156,א
11157,ש
11158,ו
11159,ן
11160,א
11161,י
11162,פ
11163,ע
11164,ם
11165,ש
11166,ש
11167,ו
11168,ו
11169,ה
11170,א
11171,ר
11172,ב
11173,ע
11174,נ
11175,ק
11176,ו
11177,ד
11178,ו
11179,ת
11180,ב
11181,מ
11182,ש
11183,ח
11184,ק
11185,ר
11186,ש
11187,מ
11188,י
11189,א
11190,ת
11191,ר
11192,ו
11193,ו
11194,י
11195,י
11196,נ
11197,ט
11198,ב
11199,א
11200,ו
11201,ג
11202,ו
11203,ס
11204,ט
11205,ד
11206,ף
11207,ע
11208,ל
11209,ש
11210,י
11211,א
11212,י
11213,ה
11214,ח
11215,ט
11216,י
11217,פ
11218,ו
11219,ת
11220,ה
11221,נ
11222,ו
11223,כ
11224,ח
11225,י
11226,י
11227,ם
11228,ב
11229,ק
11230,ט
11231,ג
11232,ו
11233,ר
11234,י
11235,ה
11236,ש
11237,ה
11238,ח
11239,ל
11240,ו
11241,ל
11242,ת
11243,ע
11244,ד
11245,ב
11246,ע
11247,ו
11248,נ
11249,ת
11250,מ
11251,ש
11252,ח
11253,ק
11254,י
11255,כ
11256,ד
11257,ו
11258,ר
11259,ב
11260,ס
11261,פ
11262,ו
11263,ר
11264,ט
11265,ב
11266,ד
11267,מ
11268,י
11269,נ
11270,ט
11271,ו
11272,ן
11273,ב
11274,י
11275,ל
11276,י
11277,א
11278,ר
11279,ד
11280,ב
11281,נ
11282,ד
11283,י
11284,ג
11285,ו
11286,ל
11287,ף
11288,ה
11289,ו
11290,ק
11291,י
11292,ג
11293,ל
11294,ג
11295,י
11296,ל
11297,י
11298,ו
11299,ת
11300,ק
11301,ו
11302,א
11303,ד
11304,ה
11305,ו
11306,ק
11307,י
11308,ק
11309,ר
11310,ח
11311,ה
11312,ו
11313,ק
11314,י
11315,ר
11316,ו
11317,ל
11318,ר
11319,ה
11320,ו
11321,ק
11322,י
11323,ש
11324,ד
11325,ה
11326,ט
11327,ל
11328,א
11329,צ
11330,ט
11331,ל
11332,י
11333,ט
11334,נ
11335,י
11336,ס
11337,ש
11338,ו
11339,ל
11340,ח
11341,ן
11342,ט
11343,נ
11344,י
11345,ס
11346,כ
11347,ד
11348,ו
11349,ר
11350,ב
11351,ס
11352,י
11353,ס
11354,כ
11355,ד
11356,ו
11357,ר
11358,ג
11359,ל
11360,ח
11361,ו
11362,פ
11363,י
11364,ם
11365,כ
11366,ד
11367,ו
11368,ר
11369,ג
11370,ל
11371,כ
11372,ד
11373,ו
11374,ר
11375,י
11376,ד
11377,ח
11378,ו
11379,פ
11380,י
11381,ם
11382,כ
11383,ד
11384,ו
11385,ר
11386,י
11387,ד
11388,כ
11389,ד
11390,ו
11391,ר
11392,מ
11393,י
11394,ם
11395,כ
11396,ד
11397,ו
11398,ר
11399,ס
11400,ל
11401,כ
11402,ד
11403,ו
11404,ר
11405,ס
11406,ל
11407,כ
11408,ד
11409,ו
11410,ר
11411,ע
11412,ף
11413,ח
11414,ו
11415,פ
11416,י
11417,ם
11418,כ
11419,ד
11420,ו
11421,ר
11422,ע
11423,ף
11424,כ
11425,ד
11426,ו
11427,ר
11428,ש
11429,ת
11430,כ
11431,ד
11432,ו
11433,ר
11434,ת
11435,ב
11436,א
11437,ו
11438,ל
11439,י
11440,נ
11441,ג
11442,כ
11443,ד
11444,ו
11445,ר
11446,ת
11447,ד
11448,ש
11449,א
11450,ל
11451,ק
11452,ר
11453,ו
11454,ס
11455,מ
11456,ט
11457,ק
11458,ו
11459,ת
11460,נ
11461,ט
11462,ב
11463,ו
11464,ל
11465,ס
11466,ו
11467,פ
11468,ט
11469,ב
11470,ו
11471,ל
11472,ס
11473,ק
11474,ו
11475,ו
11476,ש
11477,פ
11478,ו
11479,ט
11480,ב
11481,ו
11482,ל
11483,א
11484,ו
11485,ס
11486,ט
11487,ר
11488,ל
11489,י
11490,פ
11491,ו
11492,ט
11493,ב
11494,ו
11495,ל
11496,פ
11497,ו
11498,ל
11499,ו
11500,פ
11501,ו
11502,צ
11503,י
11504,ו
11505,ו
11506,ל
11507,י
11508,פ
11509,ט
11510,א
11511,נ
11512,ק
11513,ק
11514,ו
11515,ר
11516,פ
11517,ב
11518,ו
11519,ל
11520,ק
11521,ט
11522,ר
11523,ג
11524,ל
11525,ק
11526,מ
11527,א
11528,ר
11529,י
11530,ק
11531,ר
11532,ו
11533,ק
11534,ט
11535,ק
11536,ר
11537,י
11538,ק
11539,ט
11540,ר
11541,ו
11542,ג
11543,ב
11544,י
11545,ע
11546,נ
11547,פ
11548,י
11549,ס
11550,פ
11551,ו
11552,ר
11553,ט
11554,א
11555,ו
11556,ל
11557,י
11558,מ
11559,פ
11560,י
11561,י
11562,ם
11563,מ
11564,ש
11565,ח
11566,ק
11567,י
11568,ה
11569,ק
11570,י
11571,ץ
11572,א
11573,ו
11574,פ
11575,נ
11576,י
11577,י
11578,ם
11579,א
11580,ו
11581,פ
11582,נ
11583,י
11584,א
11585,ו
11586,פ
11587,נ
11588,י
11589,ב
11590,ס
11591,ג
11592,נ
11593,ו
11594,ן
11595,ח
11596,ו
11597,פ
11598,ש
11599,י
11600,א
11601,ו
11602,פ
11603,נ
11604,י
11605,ה
11606,ר
11607,י
11608,ם
11609,א
11610,ו
11611,פ
11612,נ
11613,י
11614,כ
11615,ב
11616,י
11617,ש
11618,א
11619,ו
11620,פ
11621,נ
11622,י
11623,מ
11624,ס
11625,ל
11626,ו
11627,ל
11628,מ
11629,ש
11630,ח
11631,ק
11632,י
11633,כ
11634,ד
11635,ו
11636,ר
11637,ב
11638,ד
11639,מ
11640,י
11641,נ
11642,ט
11643,ו
11644,ן
11645,ג
11646,ו
11647,ל
11648,ף
11649,ה
11650,ו
11651,ק
11652,י
11653,ש
11654,ד
11655,ה
11656,ט
11657,נ
11658,י
11659,ס
11660,ט
11661,נ
11662,י
11663,ס
11664,ש
11665,ו
11666,ל
11667,ח
11668,ן
11669,כ
11670,ד
11671,ו
11672,ר
11673,ג
11674,ל
11675,כ
11676,ד
11677,ו
11678,ר
11679,י
11680,ד
11681,כ
11682,ד
11683,ו
11684,ר
11685,מ
11686,י
11687,ם
11688,כ
11689,ד
11690,ו
11691,ר
11692,ס
11693,ל
11694,כ
11695,ד
11696,ו
11697,ר
11698,ס
11699,ל
11700,כ
11701,ד
11702,ו
11703,ר
11704,ע
11705,ף
11706,כ
11707,ד
11708,ו
11709,ר
11710,ע
11711,ף
11712,ח
11713,ו
11714,פ
11715,י
11716,ם
11717,ר
11718,ו
11719,ג
11720,ב
11721,י
11722,ש
11723,ב
11724,י
11725,ע
11726,י
11727,ו
11728,ת
11729,ס
11730,פ
11731,ו
11732,ר
11733,ט
11734,ג
11735,ו
11736,פ
11737,נ
11738,י
11739,א
11740,ת
11741,ל
11742,ט
11743,י
11744,ק
11745,ה
11746,ב
11747,ר
11748,י
11749,י
11750,ק
11751,י
11752,נ
11753,ג
11754,ה
11755,ר
11756,מ
11757,ת
11758,מ
11759,ש
11760,ק
11761,ו
11762,ל
11763,ו
11764,ת
11765,ט
11766,י
11767,פ
11768,ו
11769,ס
11770,ט
11771,ר
11772,י
11773,א
11774,ת
11775,ל
11776,ו
11777,ן
11778,י
11779,ר
11780,י
11781,ת
11782,ח
11783,ר
11784,ו
11785,ת
11786,י
11787,ס
11788,ק
11789,י
11790,י
11791,ט
11792,ב
11793,ו
11794,ר
11795,ד
11796,י
11797,נ
11798,ג
11799,ס
11800,י
11801,ף
11802,ק
11803,ר
11804,ב
11805,ח
11806,מ
11807,ש
11808,מ
11809,ו
11810,ד
11811,ר
11812,נ
11813,י
11814,ק
11815,ש
11816,ת
11817,ו
11818,ת
11819,ה
11820,ת
11821,ע
11822,מ
11823,ל
11824,ו
11825,ת
11826,ה
11827,ת
11828,ע
11829,מ
11830,ל
11831,ו
11832,ת
11833,א
11834,מ
11835,נ
11836,ו
11837,ת
11838,י
11839,ת
11840,ה
11841,ת
11842,ע
11843,מ
11844,ל
11845,ו
11846,ת
11847,מ
11848,כ
11849,ש
11850,י
11851,ר
11852,י
11853,ם
11854,ט
11855,ר
11856,מ
11857,פ
11858,ו
11859,ל
11860,י
11861,נ
11862,ה
11863,ס
11864,פ
11865,ו
11866,ר
11867,ט
11868,י
11869,מ
11870,י
11871,ג
11872,ל
11873,י
11874,ש
11875,ת
11876,ג
11877,ל
11878,י
11879,ם
11880,ח
11881,ת
11882,י
11883,ר
11884,ה
11885,ק
11886,א
11887,נ
11888,ו
11889,ק
11890,י
11891,א
11892,ק
11893,ש
11894,י
11895,ט
11896,ע
11897,נ
11898,פ
11899,י
11900,ק
11901,ר
11902,ב
11903,א
11904,ג
11905,ר
11906,ו
11907,ף
11908,ג
11909,ו
11910,ד
11911,ו
11912,ה
11913,י
11914,א
11915,ב
11916,ק
11917,ו
11918,ת
11919,ס
11920,ג
11921,נ
11922,ו
11923,ן
11924,ח
11925,ו
11926,פ
11927,ש
11928,י
11929,ס
11930,ג
11931,נ
11932,ו
11933,ן
11934,י
11935,ו
11936,ו
11937,נ
11938,י
11939,ר
11940,ו
11941,מ
11942,י
11943,ט
11944,א
11945,ק
11946,ו
11947,ו
11948,נ
11949,ד
11950,ו
11951,ר
11952,כ
11953,י
11954,ב
11955,ה
11956,א
11957,י
11958,ו
11959,ו
11960,נ
11961,ט
11962,י
11963,נ
11964,ג
11965,ר
11966,כ
11967,י
11968,ב
11969,ה
11970,א
11971,מ
11972,נ
11973,ו
11974,ת
11975,י
11976,ת
11977,ק
11978,פ
11979,י
11980,צ
11981,ו
11982,ת
11983,ר
11984,א
11985,ו
11986,ו
11987,ה
11988,ש
11989,ח
11990,י
11991,י
11992,ה
11993,ק
11994,פ
11995,י
11996,צ
11997,ה
11998,ל
11999,מ
12000,י
12001,ם
12002,ש
12003,ח
12004,י
12005,י
12006,ה
12007,ת
12008,ח
12009,ר
12010,ו
12011,ת
12012,י
12013,ת
12014,ש
12015,ח
12016,י
12017,י
12018,ה
12019,צ
12020,ו
12021,ר
12022,נ
12023,י
12024,ת
12025,ש
12026,ח
12027,י
12028,י
12029,ה
12030,ב
12031,מ
12032,י
12033,ם
12034,פ
12035,ת
12036,ו
12037,ח
12038,י
12039,ם
12040,מ
12041,ש
12042,ח
12043,ק
12044,י
12045,ה
12046,ח
12047,ו
12048,ר
12049,ף
12050,ע
12051,נ
12052,פ
12053,י
12054,ק
12055,ר
12056,ח
12057,ה
12058,ו
12059,ק
12060,י
12061,ק
12062,ר
12063,ח
12064,ק
12065,ר
12066,ל
12067,י
12068,נ
12069,ג
12070,ס
12071,ק
12072,י
12073,ב
12074,י
12075,א
12076,ת
12077,ל
12078,ו
12079,ן
12080,ג
12081,ל
12082,י
12083,ש
12084,ת
12085,ש
12086,ל
12087,ג
12088,ס
12089,ק
12090,י
12091,א
12092,ל
12093,פ
12094,י
12095,נ
12096,י
12097,ס
12098,ק
12099,י
12100,ב
12101,ס
12102,ג
12103,נ
12104,ו
12105,ן
12106,ח
12107,ו
12108,פ
12109,ש
12110,י
12111,ס
12112,ק
12113,י
12114,ל
12115,מ
12116,ר
12117,ח
12118,ק
12119,י
12120,ם
12121,ס
12122,ק
12123,י
12124,נ
12125,ו
12126,ר
12127,ד
12128,י
12129,מ
12130,ש
12131,ו
12132,ל
12133,ב
12134,ק
12135,פ
12136,י
12137,צ
12138,ו
12139,ת
12140,ס
12141,ק
12142,י
12143,מ
12144,ז
12145,ח
12146,ל
12147,ו
12148,ת
12149,ב
12150,ו
12151,ב
12152,ס
12153,ל
12154,י
12155,ס
12156,ק
12157,ל
12158,ט
12159,ו
12160,ן
12161,ל
12162,ו
12163,ז
12164,ה
12165,ח
12166,ל
12167,ק
12168,ה
12169,ע
12170,ל
12171,ה
12172,ק
12173,ר
12174,ח
12175,ה
12176,ח
12177,ל
12178,ק
12179,ה
12180,א
12181,מ
12182,נ
12183,ו
12184,ת
12185,י
12186,ת
12187,ה
12188,ח
12189,ל
12190,ק
12191,ה
12192,מ
12193,ה
12194,י
12195,ר
12196,ה
12197,ה
12198,ח
12199,ל
12200,ק
12201,ה
12202,מ
12203,ה
12204,י
12205,ר
12206,ה
12207,ב
12208,מ
12209,ס
12210,ל
12211,ו
12212,ל
12213,ק
12214,צ
12215,ר
12216,ע
12217,נ
12218,פ
12219,י
12220,ע
12221,ב
12222,ר
12223,ב
12224,מ
12225,ש
12226,ח
12227,ק
12228,י
12229,ה
12230,ק
12231,י
12232,ץ
12233,ע
12234,נ
12235,פ
12236,י
12237,ע
12238,ב
12239,ר
12240,ב
12241,י
12242,י
12243,ס
12244,ב
12245,ו
12246,ל
12247,כ
12248,ד
12249,ו
12250,ר
12251,ב
12252,ס
12253,ק
12254,י
12255,כ
12256,ד
12257,ו
12258,ר
12259,כ
12260,ף
12261,י
12262,ד
12263,כ
12264,ד
12265,ו
12266,ר
12267,מ
12268,ח
12269,ב
12270,ט
12271,ל
12272,ק
12273,ר
12274,ו
12275,ס
12276,מ
12277,ר
12278,ו
12279,ץ
12280,ס
12281,י
12282,ר
12283,ו
12284,ת
12285,מ
12286,נ
12287,ו
12288,ע
12289,מ
12290,ש
12291,י
12292,כ
12293,ת
12294,ח
12295,ב
12296,ל
12297,ס
12298,ו
12299,פ
12300,ט
12301,ב
12302,ו
12303,ל
12304,פ
12305,ו
12306,ל
12307,ו
12308,ק
12309,ר
12310,ו
12311,ק
12312,ט
12313,ק
12314,ר
12315,ו
12316,ק
12317,ט
12318,א
12319,מ
12320,ר
12321,י
12322,ק
12323,א
12324,י
12325,ק
12326,ר
12327,א
12328,ט
12329,ה
12330,ק
12331,ר
12332,י
12333,ק
12334,ט
12335,ב
12336,ק
12337,ר
12338,ת
12339,ז
12340,ה
12341,ו
12342,י
12343,ו
12344,ת
12345,ע
12346,ר
12347,י
12348,כ
12349,ת
12350,ה
12351,נ
12352,ת
12353,ו
12354,ן
12355,ב
12356,ו
12357,ו
12358,י
12359,ק
12360,י
12361,נ
12362,ת
12363,ו
12364,נ
12365,י
12366,ם
12367,ק
12368,ט
12369,ג
12370,ו
12371,ר
12372,י
12373,ו
12374,ת
12375,כ
12376,ד
12377,ו
12378,ר
12379,ס
12380,ל
12381,ס
12382,פ
12383,ו
12384,ר
12385,ט
12386,ק
12387,ב
12388,ו
12389,צ
12390,ת
12391,י
12392,ס
12393,פ
12394,ו
12395,ר
12396,ט
12397,א
12398,ו
12399,ל
12400,י
12401,מ
12402,פ
12403,י
12404,מ
12405,ש
12406,ח
12407,ק
12408,י
12409,כ
12410,ד
12411,ו
12412,ר
12413,א
12414,ר
12415,צ
12416,ו
12417,ת
12418,ה
12419,ב
12420,ר
12421,י
12422,ת
12423,ה
12424,מ
12425,צ
12426,א
12427,ו
12428,ת
12429,מ
12430,ש
12431,ו
12432,ב
12433,י
12434,ם
12435,ק
12436,ו
12437,ד
12438,מ
12439,י
12440,ם
12441,מ
12442,ש
12443,ו
12444,ב
12445,ע
12446,ל
12447,ה
12448,ע
12449,ר
12450,ך
12451,כ
12452,א
12453,ן
12454,נ
12455,י
12456,ת
12457,ן
12458,ל
12459,כ
12460,ת
12461,ו
12462,ב
12463,מ
12464,ש
12465,ו
12466,ב
12467,ע
12468,ל
12469,ה
12470,ע
12471,ר
12472,ך
12473,ד
12474,ף
12475,ז
12476,ה
12477,נ
12478,ע
12479,ר
12480,ך
12481,ל
12482,א
12483,ח
12484,ר
12485,ו
12486,נ
12487,ה
12488,ב
12489,ב
12490,ד
12491,צ
12492,מ
12493,ב
12494,ר
12495,ב
12496,ש
12497,ע
12498,ה
12499,ה
12500,ט
12501,ק
12502,ס
12503,ט
12504,מ
12505,ו
12506,ג
12507,ש
12508,ב
12509,כ
12510,פ
12511,ו
12512,ף
12513,ל
12514,ר
12515,י
12516,ש
12517,י
12518,ו
12519,ן
12520,י
12521,י
12522,ח
12523,ו
12524,ס
12525,ש
12526,י
12527,ת
12528,ו
12529,ף
12530,ז
12531,ה
12532,ה
12533,י
12534,י
12535,ת
12536,כ
12537,ן
12538,ש
12539,י
12540,ש
12541,נ
12542,ם
12543,ת
12544,נ
12545,א
12546,י
12547,ם
12548,נ
12549,ו
12550,ס
12551,פ
12552,י
12553,ם
12554,ר
12555,א
12556,ת
12557,ת
12558,נ
12559,א
12560,י
12561,ה
12562,ש
12563,י
12564,מ
12565,ו
12566,ש
12567,ל
12568,פ
12569,ר
12570,ט
12571,י
12572,ם
12573,מ
12574,ד
12575,י
12576,נ
12577,י
12578,ו
12579,ת
12580,פ
12581,ר
12582,ט
12583,י
12584,ו
12585,ת
12586,א
12587,ו
12588,ד
12589,ו
12590,ת
12591,ו
12592,י
12593,ק
12594,י
12595,פ
12596,ד
12597,י
12598,ה
12599,ה
12600,ב
12601,ה
12602,ר
12603,ו
12604,ת
12605,מ
12606,ש
12607,פ
12608,ט
12609,י
12610,ו
12611,ת
12612,ק
12613,ו
12614,ד
12615,ה
12616,ת
12617,נ
12618,ה
12619,ג
12620,ו
12621,ת
12622,מ
12623,פ
12624,ת
12625,ח
12626,י
12627,ם
12628,ס
12629,ט
12630,ט
12631,י
12632,ס
12633,ט
12634,י
12635,ק
12636,ו
12637,ת
12638,ה
12639,צ
12640,ה
12641,ר
12642,ה
12643,ע
12644,ל
12645,ע
12646,ו
12647,ג
12648,י
12649,ו
12650,ת
12651,ת
12652,צ
12653,ו
12654,ג
12655,ת
12656,מ
12657,כ
12658,ש
12659,י
12660,ר
12661,י
12662,ם
12663,נ
12664,י
12665,י
12666,ד
12667,י
12668,ם
